,word,count
0,#cebu,6
1,#africa,1
2,#Cebu,1
3,#세부아프리카엣홈,1
4,#아프리카엣홈,1
5,#딜리버리,1
6,#세부배달음식,1
7,#세부맛집,2
8,#세부반찬,1
9,#세부홈쿡,1
10,#세부,13
11,#막탄,1
12,#세부집밥,2
13,#집밥,3
14,#세부여행,11
15,#세부한달살기,1
16,#세부자유여행,3
17,#여행스타그램,1027
18,#맘스타그램,16
19,#육아스타그램,17
20,#제이파크리조트,1
21,#크림슨리조트,1
22,#세부샹그릴라,1
23,#세부플랜테이션베이,1
24,#세부솔레아리조트,1
25,#아이반찬,1
26,#데일리,264
27,#친구,9
28,#선물,6
29,#ootd,132
30,#f4f,75
31,#flf,4
32,#책,2
33,#책스타그램,6
34,#카페,97
35,#카페스타그램,38
36,#커피스타그램,5
37,#데이트,19
38,#럽스타그램,120
39,#운동,10
40,#운동하는여자,12
41,#운동스타그램,26
42,#드라이브,5
43,#감성,43
44,#맞팔,214
45,#소통,238
46,#꽃스타그램,3
47,#꽃모닝,1
48,#커플그램,1
49,#여행,445
50,#주말여행,7
51,#영어강사,1
52,#그림스타그램,3
53,#여행에미치다,235
54,#보라카이,5
55,#필리핀,5
56,#필리핀여행,3
57,#셀스타그램,217
58,#얼스타그램,103
59,#보라카이여행,2
60,#화이트비치,1
61,#첫줄,42
62,#좋반,125
63,#좋아요반사,149
64,#행복,21
65,#좋아요,177
66,#스냅사진,9
67,#인생샷,12
68,#말룸파티,1
69,#참이슬,1
70,#후레시,1
71,#얼굴벌개짐,1
72,#daily,189
73,#instaphoto,1
74,#instapic,10
75,#dailypic,2
76,#boracay,3
77,#philippines,4
78,#kalibo,1
79,#whitebeach,1
80,#껠끄쇼즈,3
81,#뉴욕여행,7
82,#뉴욕,10
83,#dumbobrooklyn,1
84,#brooklynbridge,1
85,#nyc,6
86,#셀피,155
87,#셀카,193
88,#일상,341
89,#데일리룩,73
90,#인친,88
91,#인스타,23
92,#인스타그램,70
93,#선팔,188
94,#팔로우,132
95,#팔로워,27
96,#팔로잉,13
97,#오오티디,91
98,#맨투맨,11
99,#아메카지,12
100,#그런지룩,11
101,#힙합,11
102,#아메카지룩,11
103,#빈티지,11
104,#옷스타그램,40
105,#패션스타그램,22
106,#insta,20
107,#fff,64
108,#lfl,30
109,#우리의10주년,1
110,#남편이,1
111,#휴가,25
112,#여행을떠나리라,1
113,#근데어디가지,1
114,#오늘저녁은,1
115,#또머해먹지,1
116,#주부일상,2
117,#주부들이,1
118,#항상저녁걱정,1
119,#일상샷,1
120,#일상소통,14
121,#일상공유,4
122,#정주부,1
123,#정새댁,1
124,#신혼부부,15
125,#무서워,2
126,#겨울여행,24
127,#대관령양떼목장,2
128,#프레쉬포유,1
129,#과일,1
130,#제철과일,1
131,#수입과일,1
132,#과일택배,1
133,#과일가게,1
134,#과일배송,1
135,#과일맛집,1
136,#프리미엄과일,1
137,#과일정기배송,1
138,#정기배송,1
139,#맛있는과일,1
140,#간식스타그램,1
141,#아기간식,1
142,#과일배달,1
143,#육아맘,10
144,#육아그램,1
145,#셀카스타그램,5
146,#혼밥,5
147,#파티음식,3
148,#소통해요,49
149,#집밥스타그램,2
150,#취미스타그램,1
151,#파티,2
152,#12월,4
153,#크리스마스,55
154,#연말,28
155,#신혼스타그램,8
156,#리얼,1
157,#동백꽃길,1
158,#동백포레스트,7
159,#동백꽃,15
160,#동백여행,1
161,#동백꽃잎,1
162,#제주여행,39
163,#제주동백,3
164,#travel,224
165,#jejuisland,9
166,#camelia,1
167,#phonephotography,1
168,#travelphotography,33
169,#travelholic,20
170,#동유럽,8
171,#travelpic,4
172,#austria,5
173,#salzburg,3
174,#photo,15
175,#christmas,27
176,#dailyshot,3
177,#likeforlikes,32
178,#instagood,64
179,#like4likes,25
180,#likeforfollow,35
181,#오스트리아,6
182,#짤츠부르크,3
183,#christmasmarket,3
184,#taiwantravel,5
185,#taiwan1,3
186,#흑백사진,1
187,#좋아요그램,10
188,#인스타데일리,9
189,#dailylook,37
190,#l4l,34
191,#샌프란시스코,2
192,#sanfrancisco,3
193,#depound,1
194,#abib,1
195,#서울점심,1
196,#아보카도,1
197,#아보카도요리,1
198,#아보카도김밥,1
199,#이색김밥,1
200,#김밥맛집,1
201,#도시락,2
202,#서울역맛집,1
203,#서울역,1
204,#ktx,3
205,#동자동맛집,1
206,#숙대맛집,1
207,#숙대입구맛집,1
208,#회현맛집,1
209,#서울역카페,1
210,#먹스타그램,131
211,#맛스타그램,67
212,#기차여행,4
213,#맛집추천,6
214,#용산맛집,1
215,#용산구맛집,1
216,#블랙랩,1
217,#블랙랩테드,1
218,#테드와함께,1
219,#제주도여행,35
220,#준비중,1
221,#켄넬꾸미기,1
222,#힐링,32
223,#2019,8
224,#새해맞이,1
225,#가즈아,1
226,#selfie,138
227,#제주,41
228,#이스트포레스트,1
229,#eastforest,1
230,#동해바다,1
231,#바다뷰,2
232,#고성카페,2
233,#카페투어,17
234,#스테이새별앤오름,1
235,#새별동,1
236,#12월제주여행,1
237,#제주겨울여행,1
238,#제주가족펜션,1
239,#제주신축펜션,2
240,#제주감성펜션,1
241,#애월독채펜션,1
242,#애월가족펜션,1
243,#애월신상펜션,1
244,#애월예쁜펜션,1
245,#새별오름,3
246,#제주억새,1
247,#제주핑크뮬리,1
248,#곽지해변,1
249,#한담해변,1
250,#제주핫플,4
251,#애월핫플,1
252,#달콤제과,1
253,#잉거도자기박물관,1
254,#travelgram,57
255,#landscape,15
256,#snapshot,8
257,#follower,6
258,#jeju,31
259,#댓글,36
260,#세계여행,9
261,#스냅,10
262,#memories,6
263,#추억,11
264,#사진,51
265,#newzealand,5
266,#김해공항,1
267,#김해공항국제선,1
268,#미국,10
269,#에어차이나,2
270,#airchina,2
271,#기내식,5
272,#에어차이나기내식,1
273,#신라대학생인난해외탐방간다,2
274,#신난다,2
275,#usa,19
276,#나홀로여행,4
277,#시드니,7
278,#오페라하우스,3
279,#한여름의크리스마스,1
280,#sydney,5
281,#operahouse,3
282,#호주여행,5
283,#시드니여행,3
284,#파란하늘은주작,1
285,#여보도,1
286,#강원도,17
287,#강원도여행,13
288,#속초,8
289,#고성,1
290,#애견동반여행,1
291,#애견동반카페,1
292,#속초애견동반,1
293,#푸들,1
294,#크림푸들,1
295,#반려견,7
296,#신혼일상,3
297,#패션,67
298,#인친환영,18
299,#여자코디,2
300,#선팔환영,7
301,#스물두살,2
302,#fashion,15
303,#outfit,8
304,#남자친구,3
305,#곰신,2
306,#곰신스타그램,3
307,#맞좋튀,2
308,#첫줄좋반,18
309,#첫줄반사,27
310,#최근게시글,16
311,#모델,18
312,#첫줄좋아요,16
313,#직딩,19
314,#직장인,28
315,#맛집,86
316,#연예인,16
317,#예술가,16
318,#사진가,16
319,#갬성,22
320,#일상스타그램,117
321,#좋아요테러,30
322,#instagram,43
323,#japan,31
324,#china,24
325,#아이폰,28
326,#댓글소통,1
327,#협찬,5
328,#문의,1
329,#광안리,35
330,#홍대,32
331,#강남,18
332,#선팔하면맞팔,98
333,#맞팔환영,29
334,#lifestyle,4
335,#방파인,1
336,#왓마하탓,1
337,#왓프라씨산펫,1
338,#코끼리,1
339,#태국,22
340,#태국여행,21
341,#방콕,10
342,#방콕여행,7
343,#아유타야,1
344,#더워요,1
345,#마지막날,2
346,#여행끝,1
347,#호이안,11
348,#베트남,31
349,#베트남여행,10
350,#dailyinsta,1
351,#제주도,76
352,#카멜리아힐,2
353,#camallia,1
354,#traveler,19
355,#travelphotograph,1
356,#puntademita,1
357,#푸에르토바야르타,1
358,#mexico,18
359,#예퍼2020,1
360,#예퍼여행,1
361,#멕시코여행,18
362,#instadaily,51
363,#cafe,22
364,#dessert,5
365,#instafood,12
366,#신상카페,1
367,#카페추천,3
368,#가오픈,1
369,#가오픈카페,1
370,#온더테이블,3
371,#vienna,2
372,#belvederepalace,1
373,#비엔나,2
374,#벨베데레궁전,1
375,#여행사진,34
376,#감성사진,17
377,#사진기록,1
378,#여행기록,33
379,#voyaged,1
380,#대만여행,16
381,#대만,22
382,#가오슝,3
383,#가오슝여행,3
384,#치진섬,2
385,#무지개교회,1
386,#kaohsiung,4
387,#qijin,1
388,#taiwan,19
389,#울애기,1
390,#인생,3
391,#첫번째,1
392,#처음,2
393,#itx,1
394,#기차,3
395,#놀스타그램,1
396,#아들스타그램,15
397,#가족스타그램,17
398,#늦은,1
399,#업뎃,1
400,#어제,1
401,#육아,16
402,#육아중,1
403,#육아전쟁,1
404,#헬육아,1
405,#2,1
406,#21개월아기,2
407,#개띠아들,1
408,#개띠맘,1
409,#아들맘,9
410,#korea,30
411,#서울,46
412,#seoul,15
413,#한국,26
414,#부산,72
415,#trip,76
416,#southkorea,12
417,#photography,37
418,#전주,7
419,#완주,2
420,#전주여행,5
421,#완주여행,2
422,#아원고택,2
423,#차우차우,1
424,#평일오프,2
425,#오프,2
426,#오빠랑,3
427,#갤러리,1
428,#아원고택카페,1
429,#아원고택갤러리,1
430,#하트,2
431,#성공적,3
432,#브리즈번,4
433,#brisbanecity,1
434,#엄마랑딸,1
435,#호주,7
436,#브리즈번여행,2
437,#australia,4
438,#brisbane,2
439,#아이와여행,5
440,#여행중,14
441,#travelling,4
442,#travelwithkids,2
443,#instatravel,28
444,#육아소통,15
445,#노는게제일좋아,2
446,#가족여행,59
447,#오직,1
448,#모두의TMI,1
449,#칠갑산,1
450,#얼음분수축제,1
451,#청평,2
452,#얼음꽃축제,1
453,#평창,2
454,#송어축제,1
455,#가평,2
456,#오색별빛정원전,1
457,#영국찻집,1
458,#주널리스트,1
459,#열정에기름붓기,1
460,#스케쥴러,1
461,#괌여행,7
462,#괌남부투어,2
463,#여행후기,8
464,#자유투어중,1
465,#에메랄드밸리,2
466,#스페인광장,2
467,#솔레다드요새,1
468,#세티베이전망대,1
469,#우마탁마을,1
470,#메리조부두,1
471,#이나라한자연풀장,1
472,#사랑의절벽,2
473,#힐링여행,8
474,#여행소통,2
475,#딸스타그램,13
476,#특별한모녀,1
477,#모녀샷,1
478,#힐링스타그램,4
479,#malaysia,5
480,#vacationmode,2
481,#penang,2
482,#penangmalaysia,2
483,#말레이시아,10
484,#말레이시아여행,3
485,#ig,15
486,#georgetown,2
487,#페낭,2
488,#laksa,2
489,#foodporn,8
490,#음식,7
491,#음식스타그램,7
492,#hugo,1
493,#cocktail,1
494,#칵테일,1
495,#호캉스,13
496,#호텔,6
497,#holiday,11
498,#ferien,1
499,#summer,2
500,#pool,1
501,#palmtree,1
502,#수영장,1
503,#shangrila,1
504,#edsashangrila,1
505,#샹그릴라,1
506,#coffee,18
507,#부산카페,10
508,#서면,44
509,#전포카페거리,8
510,#스타벅스,11
511,#신메뉴,8
512,#follow4like,12
513,#맞팔선팔환영,9
514,#해운대,46
515,#루미스파,1
516,#뷰티크리에이터모집,1
517,#산티아고,1
518,#순례길,1
519,#까미노데산티아고,1
520,#부엔까미노,1
521,#괌,7
522,#에메랄드,2
523,#실화냐,2
524,#존예,1
525,#guam,7
526,#emeraldvally,1
527,#피트니스,1
528,#헬스장,1
529,#ffff,4
530,#맞팔해요,36
531,#맞좋,3
532,#오늘의훈녀,3
533,#오늘의훈남,4
534,#인천,3
535,#구월동,1
536,#helsinki,2
537,#finland,2
538,#helsinkicity,2
539,#helsinkipics,2
540,#europetravel,5
541,#northeurope,2
542,#northeuropetrip,2
543,#북유럽여행,3
544,#유럽자유여행,2
545,#핀란드여행,2
546,#헬싱키여행,2
547,#헬싱키,2
548,#suomenlinnafortress,2
549,#suomenlinna,2
550,#수오멘린나,2
551,#수오멘린나요새,2
552,#Mekong,1
553,#MyTho,1
554,#boat,1
555,#tour,4
556,#Vietnam,2
557,#SEA,1
558,#Asia,1
559,#travelstagram,17
560,#투어,1
561,#메콩,1
562,#미토,1
563,#동남아,5
564,#리트리버,2
565,#포메라니안,1
566,#가온빌리지,1
567,#밀양,3
568,#밀양여행,1
569,#밀양펜션,1
570,#밀양애견펜션,1
571,#애견글램핑,1
572,#애견캠핑,1
573,#애견놀이터,1
574,#댕댕이일상,1
575,#반려인맞팔,1
576,#반려견소통,1
577,#반려견스타그램,1
578,#대구,24
579,#울산,8
580,#모델견,1
581,#함피,1
582,#인도,3
583,#인도여행,2
584,#남인도,2
585,#남인도여행,2
586,#베낭여행,2
587,#backpacker,3
588,#india,3
589,#한남동,33
590,#신사동,3
591,#이태원,39
592,#동성로,13
593,#카오슝,1
594,#takao,1
595,#thebritishconsulateattakow,1
596,#다카오영국영사관,1
597,#보얼예술특구,1
598,#보얼예술특구거리,1
599,#우크라이나,1
600,#우크라이나여행,1
601,#크이브,1
602,#크이브여행,1
603,#키예프,1
604,#키예프여행,1
605,#디두흐,1
606,#우크라이나크리스마스트리,1
607,#르비브,1
608,#난드르커피,1
609,#다낭,17
610,#바나힐,5
611,#2136일,1
612,#Danang,1
613,#Banahill,1
614,#fukuoka,1
615,#fukuokatrip,1
616,#japantrip,3
617,#kyushutrip,1
618,#kyushu,1
619,#후쿠오카,4
620,#후쿠오카여행,1
621,#일본여행,5
622,#후쿠오카공항,1
623,#규슈여행,1
624,#규슈,2
625,#술스타그램,32
626,#헬스타그램,36
627,#맞좋아요,3
628,#팔로우반사,12
629,#팔로우미,15
630,#followme,18
631,#instalike,20
632,#instamood,5
633,#가로수길,20
634,#뷰티스타그램,22
635,#다렉,3
636,#시현,1
637,#518일아기,1
638,#16개월아기,1
639,#두살아기,1
640,#여행마지막날,2
641,#뽀로로타요테마파크,1
642,#뽀로로와함께,1
643,#타요와함께,1
644,#오늘하루행복한아가,1
645,#제주스타그램,10
646,#베이비스타그램,7
647,#with,2
648,#vacation,8
649,#자유여행,6
650,#해외호텔추천,1
651,#해외여행,25
652,#여행감성,3
653,#여행꿀팁,1
654,#바다,28
655,#하늘,9
656,#여유,8
657,#혼자여행,10
658,#신혼여행,9
659,#여행지추천,13
660,#여행그램,20
661,#여행스냅,7
662,#태교여행,6
663,#배낭여행,5
664,#ChiangKhan,2
665,#Loei,2
666,#travelThailand,2
667,#solotravel,2
668,#Salapaojaoh,2
669,#우도,5
670,#cjun,1
671,#태교,2
672,#우도봉,1
673,#udo,3
674,#바람,1
675,#바람의언덕,1
676,#등산,4
677,#30주,1
678,#임산부,2
679,#8개월,1
680,#겨드랑이왁싱,1
681,#양산,2
682,#증산,2
683,#주말,11
684,#왁싱,2
685,#석산택지,2
686,#속눈썹연장,2
687,#양산네일샵,1
688,#반영구,2
689,#다이어트,9
690,#네일디자인,1
691,#석산네일샵,1
692,#미용인,3
693,#전신샷,7
694,#젤네일,1
695,#선팔맞팔,40
696,#colorado,1
697,#scenery,3
698,#walk,1
699,#le,1
700,#라치몬드카페,1
701,#라치몬드,1
702,#larchmont,1
703,#la여행,5
704,#lalifestyle,1
705,#organig,1
706,#겨울방학여행,1
707,#미니팬케잌맛있당,1
708,#겹겹의의도,1
709,#서귀포,10
710,#서귀포빵집,1
711,#제주베이커리,1
712,#제주맛집,14
713,#올레시장맛집,1
714,#빵순이,1
715,#크로아상맛집,1
716,#겹겹의앙버터,1
717,#왓슨스베이,1
718,#하버브릿지,2
719,#풍경이다했어,1
720,#날씨너무좋다,1
721,#감기가날라가네,1
722,#추운곳에서따뜻한곳으로,1
723,#여행을즐기자,1
724,#streetphotography,4
725,#everyday,1
726,#tokyo,2
727,#travelblogger,3
728,#aesthetics,1
729,#mood,6
730,#moodygrams,3
731,#throwback,2
732,#bluebottlecoffee,1
733,#bluebottle,1
734,#행복하다,1
735,#tokyojapan,1
736,#selfies,8
737,#selca,53
738,#유럽,18
739,#발칸,1
740,#크로아티아,1
741,#플리트비체,1
742,#슬로베니아,1
743,#플리트비체국립공원,1
744,#폭포,1
745,#빛깔,1
746,#영화,2
747,#아바타모티브,1
748,#날씨,4
749,#끝장남,1
750,#skyview,1
751,#incheon,1
752,#sinaloa,1
753,#elquelite,1
754,#adios2019,1
755,#멕시코,19
756,#시날로아,1
757,#스페인,5
758,#론다,1
759,#londa,1
760,#스페인여행,5
761,#론다여행,1
762,#spain,3
763,#여행중독자,3
764,#여행중독,5
765,#골프,1
766,#골프스윙,1
767,#골프웨어,1
768,#골프스타그램,3
769,#golf,1
770,#golfswing,1
771,#golfstagram,1
772,#언니생각해주는건너네들뿐이네,1
773,#흔한제주도아파트입구,1
774,#할많하않,1
775,#보말전,1
776,#한림칼국수,1
777,#보말칼국수,1
778,#보말,1
779,#제주도맛집,7
780,#한림맛집,2
781,#먹방,36
782,#먹부림여행,1
783,#보말매니아,1
784,#칼국수,1
785,#보말전존맛탱,1
786,#존맛탱,4
787,#여행첫날,1
788,#localfood,2
789,#koreanfood,5
790,#hallim,1
791,#recommend,1
792,#yearend,1
793,#사이판여행,3
794,#첫크리스마스여행,1
795,#카노아리조트,1
796,#사이판,5
797,#사이판섬,1
798,#커플,10
799,#별빛투어,1
800,#만세절벽,1
801,#새섬전망대,1
802,#북부투어,1
803,#그루토동굴,1
804,#그루토스노쿨링,1
805,#atv,1
806,#마나가하섬,2
807,#퇴근,6
808,#자유,1
809,#출근,6
810,#불금,13
811,#금요일,11
812,#토요일,3
813,#논기사님,4
814,#nonkisanim,4
815,#치앙마이투어,4
816,#치앙마이택시,4
817,#치앙마이택시투어,4
818,#치앙마이,13
819,#치앙마이여행,11
820,#몬쨈,4
821,#몬쨈투어,4
822,#몬쨈일몰,4
823,#존재만,4
824,#매림,4
825,#치앙마이한달살기,4
826,#치앙마이카페,5
827,#치앙마이카페투어,4
828,#도이수텝,4
829,#도이수텝투어,4
830,#도이수텝야경,4
831,#여행자,9
832,#파랏사원,4
833,#푸핀도이,4
834,#푸핀테라스,4
835,#도이인타논,4
836,#끼우매빤,4
837,#끼우매빤트레깅,4
838,#국내여행추천,3
839,#국내여행지,1
840,#국내여행어디까지가봤니,1
841,#대구카페,2
842,#대구여행,9
843,#대구핫플,3
844,#대구맛집,2
845,#대구동성로,1
846,#대구데이트,1
847,#커피사러갔다가,1
848,#흥많은아이,1
849,#어디서든춤,1
850,#귀요미들,1
851,#너희주스는없음,1
852,#아이스아메리카노,2
853,#육아일상,1
854,#독박육아,2
855,#자매맘,2
856,#대구맘,1
857,#대구스타그램,1
858,#자매스타그램,5
859,#애스타그램,10
860,#맛집스타그램,9
861,#키즈스타그램,6
862,#속초여행,3
863,#코타키나발루,13
864,#반딧불투어,2
865,#셀스타,12
866,#kotakinabalu,6
867,#selstagram,13
868,#남포,3
869,#쇼핑,24
870,#디뮤지엄,13
871,#홈데코,10
872,#인테리어,30
873,#뷰티,26
874,#먹스타,17
875,#like4like,19
876,#생일상,1
877,#전복소기기미역국,1
878,#미역국,1
879,#늘고마워,1
880,#생일,4
881,#차카게살자,1
882,#순수함,1
883,#birthdayparty,1
884,#쇼핑스타그램,1
885,#먹방스타그램,11
886,#셀기꾼,20
887,#맛있다그램,3
888,#맛팔,3
889,#figurecollector,1
890,#소통스타그램,13
891,#팔로미,14
892,#맞팔선팔,13
893,#선팔로우,7
894,#여수,15
895,#백야도,2
896,#시로,1
897,#00,9
898,#99,4
899,#밴쿠버맘스,1
900,#캐나다맘스,1
901,#밴쿠버일상,1
902,#밴쿠버라이프,1
903,#눈,6
904,#눈스타그램,1
905,#눈세상,1
906,#스키선수,1
907,#가족스냅,1
908,#스키,3
909,#스키장,8
910,#가족사진촬영,1
911,#날씨굿,1
912,#미세먼지,3
913,#날씨맑음,1
914,#밴쿠버겨울,1
915,#풍경스타그램,7
916,#일상생활,2
917,#가족사진,3
918,#풍경사진,6
919,#스키어,1
920,#가족스키,1
921,#ski,1
922,#skiing,1
923,#grousemountain,1
924,#강원도삼척,1
925,#삼척쏠비치,1
926,#전망대,1
927,#장호항,1
928,#팔로우늘리기,7
929,#followforfollowback,10
930,#강릉여행,21
931,#언팔싫어요,8
932,#대전,9
933,#또가고싶다,8
934,#공항,4
935,#청주공항,1
936,#제주공항,3
937,#언젠간,1
938,#다시한번,1
939,#놀러가자,2
940,#펜션,1
941,#나들이,2
942,#셀카그램,19
943,#호루스,1
944,#이집트,1
945,#에드푸신전,1
946,#에드푸,1
947,#edfu,1
948,#templeofedfu,1
949,#horus,1
950,#이집트여행,1
951,#다이어터,2
952,#다이어트식단,2
953,#최애,1
954,#눈바디,1
955,#화이팅,1
956,#홍차,1
957,#스콘,1
958,#스콘맛집,1
959,#햇살맛집,6
960,#티타임,2
961,#대부도,1
962,#겨울,13
963,#향수,1
964,#면세점,1
965,#칼퇴,1
966,#보홀,3
967,#팡라오,1
968,#알로나비치,1
969,#태풍,2
970,#미국여행,13
971,#antelopecanyon,5
972,#앤터로프캐년,3
973,#191226,4
974,#인천미용실,1
975,#부평미용실,1
976,#컷트하면서,1
977,#변신은무죄,1
978,#미용스타그램,1
979,#복구염색,1
980,#saipan,4
981,#숙소앞,1
982,#microbeach,1
983,#trevelstagram,1
984,#healingtime,1
985,#폭풍업뎃죄송,1
986,#우정여행,11
987,#한솔이랑수정이랑,1
988,#여행2일차,1
989,#혼자,3
990,#홀로서기,1
991,#대학생,15
992,#22,2
993,#종강,1
994,#겨울방학,5
995,#전기오토바이,1
996,#스쿠터,1
997,#제주도카페,6
998,#새빌카페,1
999,#모던룩,1
1000,#코스,1
1001,#cosstores,1
1002,#likeforlike,11
1003,#부다페스트,4
1004,#유럽여행,38
1005,#헝가리,4
1006,#프로여행러,2
1007,#야경,14
1008,#신혼여행아님,1
1009,#음스타그램,1
1010,#데일리록,2
1011,#멋스타그램,3
1012,#instadiary,3
1013,#instalove,2
1014,#instafollow,4
1015,#제주바다다,1
1016,#roadtrip,8
1017,#sanluispotosi,6
1018,#멕시코산루이스포토시,5
1019,#산루이스포토시,5
1020,#다운타운,3
1021,#쩡렬이,1
1022,#쩡렬커플,1
1023,#girl,2
1024,#pic,6
1025,#like,13
1026,#style,6
1027,#필라테스,2
1028,#필라테스강사,2
1029,#요가복,2
1030,#필라복,1
1031,#운동복,1
1032,#뉴온필라테스,1
1033,#바디프로필,1
1034,#오랜만,1
1035,#방탄소년단,2
1036,#덕질,1
1037,#서울여행,3
1038,#btspopupstore,1
1039,#popupstore,1
1040,#bts,2
1041,#happy,5
1042,#narcism,1
1043,#fangirl,1
1044,#army,2
1045,#latepost,1
1046,#행복하세요,2
1047,#캐나다,5
1048,#밴쿠버,2
1049,#바르셀로나,4
1050,#강릉,19
1051,#주문진,3
1052,#coffeegram,1
1053,#coffeetime,5
1054,#coffeelover,3
1055,#coffeeaddict,1
1056,#sgcoffee,1
1057,#sgcafe,1
1058,#cafehopping,1
1059,#sgfoodtrend,1
1060,#sgfood,1
1061,#sgfoodies,1
1062,#latteart,1
1063,#sgcafehopping,1
1064,#coffeeshopvibes,1
1065,#atlascoffeehouse,1
1066,#igsg,1
1067,#브런치,2
1068,#멋집,1
1069,#커피,17
1070,#커피그램,1
1071,#싱가폴,2
1072,#190504,1
1073,#말띠,1
1074,#휴가중,6
1075,#제주2일차,3
1076,#산방산,2
1077,#협재,1
1078,#제주도유채꽃,1
1079,#jejudo,5
1080,#제주살이,7
1081,#9번째제주,2
1082,#또주도,2
1083,#산딩in제주,2
1084,#cafestagram,4
1085,#국내여행,25
1086,#제주카페,9
1087,#DDP,1
1088,#동대문디자인플라자,1
1089,#tbt,3
1090,#유리의성,5
1091,#제주유리의성,5
1092,#야간개장,5
1093,#겨울야간,5
1094,#야간관광지,5
1095,#별빛축제,5
1096,#제주관광지,5
1097,#오설록,6
1098,#에코랜드,5
1099,#항공우주박물관,5
1100,#신화월드,7
1101,#제주도가볼만한곳,10
1102,#제주핫플레이스,5
1103,#유리공예체험,5
1104,#곶자왈,5
1105,#체험학습,6
1106,#영어공부,1
1107,#1월5일토익,1
1108,#산타토익,1
1109,#토익신발사이즈,1
1110,#전공체육,1
1111,#중국여행,6
1112,#Xintiandi,1
1113,#Laoximen,1
1114,#중국,6
1115,#상해,8
1116,#상하이,5
1117,#sanghai,1
1118,#먹구름,1
1119,#풍경,14
1120,#사진더럽게못찍음,1
1121,#사진고자,1
1122,#맞팔해주세요,1
1123,#프로필사진,1
1124,#경치,1
1125,#오늘아님,1
1126,#괌스타그램,1
1127,#늦은휴가,1
1128,#아웃리거호텔,1
1129,#넘겨보기,1
1130,#두짓타니호텔,1
1131,#로비,1
1132,#남는건사진뿐,1
1133,#note9,1
1134,#instarsize,1
1135,#losangeles,6
1136,#LA,3
1137,#asianaairlines,1
1138,#oz203,1
1139,#7박9일여행,1
1140,#업떠용,1
1141,#아시아나항공,2
1142,#a380,1
1143,#그래서빨랑가고싶,1
1144,#두유노강남서타,1
1145,#두유노BTS,1
1146,#네일리본,1
1147,#개금네일,1
1148,#네일아트,1
1149,#이달의아트,1
1150,#이달의네일,1
1151,#벌써끝남,1
1152,#크리스마스네일,1
1153,#여행네일,1
1154,#네일샵,1
1155,#프라이빗,1
1156,#꼼꼼한네일샵,1
1157,#관리하는여자,1
1158,#네일스타그램,4
1159,#광양여행,1
1160,#주례네일,1
1161,#겨울네일,3
1162,#역시는역시,1
1163,#vㅔ리,1
1164,#일본,12
1165,#사가,1
1166,#사가현,1
1167,#가라쓰,1
1168,#가베,1
1169,#요부코,1
1170,#요부코대교,1
1171,#대한해협,1
1172,#바다스타그램,4
1173,#cantontower,1
1174,#광저우,1
1175,#cantonese,1
1176,#일하러간다,1
1177,#치킨,2
1178,#롸버트치킨,1
1179,#롸버트치킨강남1호기,1
1180,#startuplife,1
1181,#startuphustle,1
1182,#달성공원,2
1183,#의정부,1
1184,#크리스마스이브,6
1185,#대구앞산,1
1186,#앞산케이블카,1
1187,#대구야경,1
1188,#대구앞산전망대,1
1189,#여자혼자여행,8
1190,#여자혼자국내여행,7
1191,#언팔차단,7
1192,#today,10
1193,#tripstagram,14
1194,#대구여행지,7
1195,#191224,4
1196,#셀피그램,5
1197,#코디,4
1198,#옷,2
1199,#케이프타운,1
1200,#케이프타운여행,1
1201,#비행,1
1202,#남아프리카공화국,1
1203,#southafrica,1
1204,#이름모를꽃,1
1205,#꽃,4
1206,#배우,3
1207,#풀,3
1208,#파란색,2
1209,#basquiat,1
1210,#소원성취,1
1211,#Losangeles,2
1212,#thebroadmuseum,2
1213,#basquiatart,1
1214,#jeanmichelbasquiat,1
1215,#남포동,7
1216,#nightview,4
1217,#토론토,1
1218,#canada,8
1219,#toronto,2
1220,#torontolife,3
1221,#cityhall,1
1222,#torontocityhall,1
1223,#nightphotography,1
1224,#다낭여행,18
1225,#발마사지,10
1226,#전신마사지,10
1227,#아로마마사지,10
1228,#핫스톤마사지,10
1229,#타이마사지,10
1230,#픽업왕복,10
1231,#드랍서비스,10
1232,#다낭공항샌딩,10
1233,#짐보관서비스,10
1234,#베이비시터,10
1235,#팬스파,10
1236,#마사지잘하는곳,10
1237,#fanspa,10
1238,#귀여워,2
1239,#30개월아기,1
1240,#겨울바다,14
1241,#방콕맛집,1
1242,#동남아여행,9
1243,#동행,2
1244,#동행스타그램,4
1245,#팁싸마이,1
1246,#팟타이,1
1247,#bangkok,9
1248,#thailand,20
1249,#thipsamai,1
1250,#padthai,1
1251,#food,19
1252,#foodie,5
1253,#foodstagram,12
1254,#vancouver,2
1255,#일본불매운동,2
1256,#catholic,2
1257,#boxingday,1
1258,#capilanopark,2
1259,#아이스타그램,2
1260,#원숭이띠아기,2
1261,#baby,4
1262,#어린이집,2
1263,#아빠스타그램,2
1264,#airbnb,2
1265,#tourist,3
1266,#tourism,4
1267,#newyork,9
1268,#manhattan,4
1269,#vessel,1
1270,#chelseamarket,1
1271,#오사카,7
1272,#소확행,9
1273,#싱가포르자유여행,1
1274,#마리나베이샌즈,1
1275,#마리나베이샌즈호텔,1
1276,#마리나베이샌즈스카이파크,1
1277,#전망좋다,1
1278,#56층,1
1279,#가든스바이더베이,1
1280,#아들힘내,1
1281,#여행을떠나요,3
1282,#day1,1
1283,#체코,6
1284,#Czech,1
1285,#프라하,3
1286,#Prague,1
1287,#12월26일,1
1288,#크리스마스마켓,2
1289,#트리,1
1290,#반짝반짝,4
1291,#더스윗플라워꽃다발,1
1292,#플로리스트,2
1293,#florist,1
1294,#일상그램,12
1295,#갬성샷,3
1296,#flower,2
1297,#꽃다발,2
1298,#예쁜꽃집,1
1299,#동탄꽃집,1
1300,#용돈박스,1
1301,#수국꽃다발,1
1302,#플라워레슨,2
1303,#수원꽃집,1
1304,#망포꽃집,1
1305,#반송동꽃집,1
1306,#럽스타,5
1307,#청주,3
1308,#사진스타그램,30
1309,#2020,6
1310,#새해,5
1311,#소망,1
1312,#마지막주,1
1313,#사진소통,3
1314,#사진취미,6
1315,#빼꼼샷,1
1316,#장미꽃다발,1
1317,#카페913,1
1318,#꽃맛집,1
1319,#커피맛집,5
1320,#반캉왓,1
1321,#enoughforlife,1
1322,#행복의길,1
1323,#힘내자,1
1324,#굿데이,1
1325,#스트레스,1
1326,#땜,1
1327,#개바쁨,1
1328,#스타일,8
1329,#헬로우,1
1330,#올해,2
1331,#gd,1
1332,#끝,3
1333,#suchagoodnight,1
1334,#복잡,1
1335,#몸,1
1336,#dayon,1
1337,#피곤,1
1338,#열일중,1
1339,#굿바이,2
1340,#happydays,1
1341,#mylifestyle,1
1342,#로하,1
1343,#웃자,1
1344,#ㅂㄱㅅㄷ,1
1345,#헤헷,1
1346,#멘붕,1
1347,#오늘뭐하지,1
1348,#자장자장,1
1349,#뜨끈뜨끈,1
1350,#온천,2
1351,#수족냉증러,1
1352,#온천여행,2
1353,#노천탕,1
1354,#따뜻,1
1355,#잠들뻔,1
1356,#문경,1
1357,#행복해,5
1358,#홈파티,5
1359,#크리스마스파티,3
1360,#파티스타그램,2
1361,#프레시지,1
1362,#달다케이크,1
1363,#케익스타그램,1
1364,#테이블세팅,1
1365,#연말파티,3
1366,#오크밸리,1
1367,#instaparty,1
1368,#홈파티음식,1
1369,#원주,1
1370,#101타워,2
1371,#엄청큰추,1
1372,#지진오면흔들리는추,1
1373,#101앞에있던,1
1374,#LOVE,1
1375,#뉴욕에서봤는데,1
1376,#여기도있네,1
1377,#라부라부,1
1378,#20191226,1
1379,#저녁,1
1380,#싱가포르,6
1381,#singapore,5
1382,#와규스테이크,1
1383,#이름기억안남,1
1384,#인생파스타,1
1385,#blacktea,1
1386,#디저트,6
1387,#마카롱,1
1388,#마카오여행,4
1389,#룸서비스,2
1390,#에펠탑뷰,1
1391,#에펠뷰숙소,1
1392,#마카오호텔,3
1393,#굿모닝,1
1394,#피자,4
1395,#휴애리,2
1396,#하루,1
1397,#워킹맘,2
1398,#홈스타그램,3
1399,#청춘게스트하우스,1
1400,#청춘파티,1
1401,#제주도게스트하우스,3
1402,#제주도게스트하우스파티,2
1403,#서귀포게스트하우스,2
1404,#중문게스트하우스,1
1405,#중문관광단지,2
1406,#중문색달해변,1
1407,#제주도클럽,1
1408,#클럽파티,1
1409,#중문맛집,2
1410,#제주도핫플,2
1411,#인친해요,2
1412,#맞팔가요,1
1413,#헬스앤뷰티,1
1414,#숙소,1
1415,#제주도숙소,2
1416,#위미리,1
1417,#라메르뷰,1
1418,#이태원메이드엠디,3
1419,#이태원메이드게스트,3
1420,#이태원메이드예약,3
1421,#로컬,3
1422,#옥타곤,3
1423,#페이스,3
1424,#플렉스,3
1425,#이태원메이드테이블,3
1426,#이태원메이드,3
1427,#제주도귤,1
1428,#osaka,6
1429,#kyoto,4
1430,#fushimiinari,1
1431,#dotonbori,4
1432,#dotombori,4
1433,#asia,6
1434,#expat,4
1435,#peaceful,4
1436,#street,7
1437,#river,5
1438,#교토,4
1439,#일상스타스램,1
1440,#여수여행,12
1441,#여수맛집,4
1442,#커플스타그램,6
1443,#평일데이트,1
1444,#예술랜드,1
1445,#여수예술랜드,1
1446,#트릭아트,1
1447,#nccp,1
1448,#여수ag스파빌,1
1449,#여수밤바다,1
1450,#호주사막,1
1451,#사막,1
1452,#보드,4
1453,#사막보드타기,1
1454,#사막보드,1
1455,#호주사막투어,1
1456,#desert,1
1457,#desertboarding,1
1458,#솔섬오토캠핑장,1
1459,#캠핑,4
1460,#부부캠퍼,1
1461,#부부스타그램,21
1462,#사천맛집,1
1463,#밥상,1
1464,#캠핑요리,1
1465,#삼겹살,2
1466,#라면,2
1467,#토스트,1
1468,#오늘의메뉴,1
1469,#밥스타그램,4
1470,#비토섬,1
1471,#뷰맛집,1
1472,#주부스타그램,2
1473,#향남댁,1
1474,#주부,1
1475,#새댁,2
1476,#제주맛집추천,2
1477,#서귀포맛집추천,1
1478,#서귀포맛집,2
1479,#제주맛집여행,1
1480,#제주도맛집베스트,2
1481,#영어교육도시,1
1482,#제주도민,3
1483,#데일리픽,1
1484,#스테이크,5
1485,#정식,1
1486,#막내그램,1
1487,#셋째딸,1
1488,#호텔투어,1
1489,#오늘,11
1490,#코스모폴리탄호텔,1
1491,#체크아웃,1
1492,#아이슬란드여행,3
1493,#아이슬란드,4
1494,#여미광장,2
1495,#iceland,4
1496,#icelandtravel,3
1497,#쉼표,1
1498,#철한자9,1
1499,#교정기까지그리고난리,1
1500,#데일리코디,8
1501,#휴가그램,1
1502,#한식,6
1503,#dailylife,2
1504,#inkorea,1
1505,#제주라이프,2
1506,#제주바다,2
1507,#starbucks,7
1508,#카페라떼,2
1509,#제주감성,3
1510,#happynewyear,3
1511,#완전체,2
1512,#딸둘맘,2
1513,#러블리,2
1514,#45개월,2
1515,#20개월,2
1516,#감사,3
1517,#겨울휴가,7
1518,#여행병,7
1519,#호이안여행,2
1520,#수영장맛집,1
1521,#아이러브반미,1
1522,#사이공,1
1523,#맥주,2
1524,#맥주맛집,1
1525,#먹투어,1
1526,#트립,1
1527,#여행일기,11
1528,#일상일기,2
1529,#용융이칭다오조지기,1
1530,#피규어뮤지엄,1
1531,#마블,1
1532,#아이언맨,2
1533,#디즈니,2
1534,#올라프,1
1535,#겨울왕국,5
1536,#스타워즈,1
1537,#토이스토리,1
1538,#등등등,2
1539,#제주가볼만한곳,4
1540,#제주실내여행,1
1541,#실내데이트,1
1542,#피규어뮤지엄제주,1
1543,#명품,3
1544,#신상,2
1545,#이탈리아,13
1546,#beautiful,4
1547,#구매대행,1
1548,#피렌체,3
1549,#구찌,1
1550,#명품구매대행,1
1551,#클러치,1
1552,#구찌클러치,1
1553,#italy,10
1554,#firenze,3
1555,#감성스타그램,1
1556,#오늘의여행,1
1557,#picture,2
1558,#snap,6
1559,#일몰,1
1560,#성산,1
1561,#성산일출봉,1
1562,#데일리그램,25
1563,#남편이랑,3
1564,#부산여행,17
1565,#일광,1
1566,#행복그램,1
1567,#홈인테리어,1
1568,#새댁일상,2
1569,#새댁스타그램,1
1570,#집스타그램,3
1571,#꿀하우스,1
1572,#모던하우스,1
1573,#하우스그램,1
1574,#홈스윗홈,1
1575,#스파,1
1576,#jw메리어트싱가포르사우스비치,1
1577,#경북,1
1578,#칠곡,1
1579,#동명면,1
1580,#송림사,1
1581,#대웅전,1
1582,#송림사오층전탑,1
1583,#삼천불전,1
1584,#웅진전,1
1585,#요사체,1
1586,#일주문,1
1587,#경북여행,2
1588,#산책,2
1589,#castle,2
1590,#안양,2
1591,#송파,1
1592,#송도,2
1593,#연말여행,5
1594,#집밥아닌,1
1595,#남이해주는밥,1
1596,#맛집투어,5
1597,#고민없는저녁,1
1598,#포항,5
1599,#평일,1
1600,#후드티,1
1601,#레깅스,1
1602,#d,1
1603,#어플빨,1
1604,#어플,1
1605,#송해공원,1
1606,#강릉카페,2
1607,#테라로사커피공장,1
1608,#테라로사,2
1609,#일상기록,6
1610,#툇마루,1
1611,#툇마루커피,1
1612,#츄비츄비,1
1613,#즐거웠다,1
1614,#로브,1
1615,#산타,1
1616,#더운나라,1
1617,#아얄라몰,1
1618,#세부시티,1
1619,#새우,1
1620,#힘든여정,1
1621,#여자친구,1
1622,#그림책육아,1
1623,#홈스쿨링,1
1624,#교육,2
1625,#유아스타그램,2
1626,#북스타그램,2
1627,#영재,1
1628,#영재발굴단,1
1629,#하나님,1
1630,#글,2
1631,#추천도서,1
1632,#프뢰벨,1
1633,#아기스타그램,2
1634,#독서스타그램,1
1635,#키즈에이원,1
1636,#홈스쿨,1
1637,#월팸,1
1638,#힐링글,1
1639,#그림책,1
1640,#키즈스콜레,1
1641,#몬테소리,1
1642,#경주,3
1643,#남자머리스타일,2
1644,#남자코디,1
1645,#사이먼,1
1646,#나,1
1647,#감천문화마을,3
1648,#순천,7
1649,#세비야,2
1650,#servilla,1
1651,#세비야여행,1
1652,#세비야대성당,2
1653,#메리크리스마스,12
1654,#유니버셜스튜디오할리우드,2
1655,#해리포터빌리지,1
1656,#california,2
1657,#universalstudioshollywood,2
1658,#두아들,1
1659,#아들둘맘,1
1660,#미국생활,2
1661,#서부,1
1662,#월넛크릭,1
1663,#엄마스타그램,1
1664,#캘리포니아,2
1665,#밀크티,1
1666,#다니쉬,1
1667,#다니쉬베이커리,1
1668,#빵지순례,1
1669,#함덕카페,1
1670,#쑥인절미갸또,1
1671,#에메랄드빛바다,1
1672,#핫초코,1
1673,#좋테,9
1674,#얼스타,5
1675,#dailyfactnation,1
1676,#팔로우환영,4
1677,#맞팔하면선팔,1
1678,#맞팔댓글,3
1679,#gainwithwesley,1
1680,#서귀포시카페,1
1681,#감귤밭카페,1
1682,#제주도커피맛집,1
1683,#카페네이처캔버스,1
1684,#네이처캔버스,1
1685,#제주카페투어,3
1686,#제주카페추천,4
1687,#효도여행,1
1688,#커플여행,9
1689,#여행블로거,2
1690,#블로그,2
1691,#블로거,1
1692,#맛집블로거,1
1693,#thebeach,1
1694,#마지막한국여행,1
1695,#덥다,1
1696,#개구장이,1
1697,#동백꽃필무렵,1
1698,#동백,1
1699,#짧은여행,2
1700,#아쉽지만,1
1701,#안녕,2
1702,#꽃밭,1
1703,#꽃밭에서,1
1704,#구름,2
1705,#실화임,1
1706,#sel,5
1707,#good,10
1708,#아빠와딸,1
1709,#dailyfashion,2
1710,#dailyfood,1
1711,#instababy,2
1712,#instasize,3
1713,#지난사진,1
1714,#산타케익,1
1715,#파리바게트,1
1716,#좋아요테러반사,1
1717,#대명동속눈썹연장,1
1718,#대명동왁싱,1
1719,#대명동피부,1
1720,#대명동네일,1
1721,#대명동반영구,1
1722,#대명동핫플,1
1723,#안지랑역,1
1724,#H뷰티룸,1
1725,#에이치뷰티룸,1
1726,#쟈이닝네일,1
1727,#아이앤아이,1
1728,#수강문의,1
1729,#주말반수업,1
1730,#일대일수업,1
1731,#개인레슨,1
1732,#푸켓,5
1733,#centralfestivalphuket,1
1734,#BBQ,2
1735,#seafood,2
1736,#외도339카페,1
1737,#외도339,1
1738,#자매여행,1
1739,#반려견여행,1
1740,#훈녀,2
1741,#직딩스타그램,1
1742,#인스타독,2
1743,#멍스타그램,7
1744,#펫스타그램,3
1745,#반려견동반여행,1
1746,#반려견동반카페,1
1747,#제주반려견동반,1
1748,#라테라스,1
1749,#라스트썬셋,1
1750,#노을맛집,2
1751,#놀이미술,1
1752,#인싸,3
1753,#핫플,2
1754,#여수핫플,1
1755,#핫플투어,1
1756,#여수호텔,2
1757,#여수리조트,1
1758,#여수펜션,2
1759,#오션뷰펜션,2
1760,#오션뷰,1
1761,#온수풀,1
1762,#인피니티풀,1
1763,#물랑루즈,1
1764,#프랑스여행,4
1765,#파리파업,1
1766,#파리여행,8
1767,#paris,5
1768,#하와이,4
1769,#Hawaii,2
1770,#하와이호텔,1
1771,#힐튼하와이안빌리지,1
1772,#HiltonHawaiianVillage,1
1773,#HiltonHotel,1
1774,#라운드테이블,1
1775,#loundtable,1
1776,#순천웨딩,2
1777,#순천웨딩홀,2
1778,#순천예식장,2
1779,#순천여행사,2
1780,#순천신혼여행,2
1781,#순천허니문,2
1782,#순천허니문라운지,2
1783,#순천웨딩플래너,2
1784,#순천예물,2
1785,#순천정장,2
1786,#순천한복,2
1787,#여수여행사,2
1788,#웨딩스냅,2
1789,#하와이신혼여행,2
1790,#하와이여행,2
1791,#wedding,3
1792,#미케비치,2
1793,#오행산,1
1794,#호이안올드타운,2
1795,#썸머크리스마스,2
1796,#골든브릿지,1
1797,#한시장,3
1798,#1일1마사지,1
1799,#traveling,10
1800,#wonderful,1
1801,#potd,3
1802,#북촌,1
1803,#북촌한옥마을,1
1804,#북촌카페,1
1805,#한옥마을,1
1806,#햇빛,1
1807,#햇살좋은날,1
1808,#낭만카페,1
1809,#오션뷰카페,1
1810,#체스키크롬로프,2
1811,#체스키크롬로프여행,1
1812,#체코여행,2
1813,#이발사의다리,2
1814,#21,2
1815,#삼양목장,1
1816,#대관령,2
1817,#상해디즈니랜드,7
1818,#신데렐라성,1
1819,#셀,1
1820,#럽,1
1821,#커플사진,5
1822,#맞,1
1823,#컨딩,1
1824,#직장,1
1825,#막내,2
1826,#jmt,3
1827,#kenting,1
1828,#follow4follow,7
1829,#제주도소품샵,1
1830,#소품샵,1
1831,#큰손상회,1
1832,#찍스타그램,1
1833,#연휴,3
1834,#시골스타그램,1
1835,#할머니집,1
1836,#시골고양이,1
1837,#메주,1
1838,#가마솥,1
1839,#아궁이,1
1840,#시골냄새,1
1841,#방학스타그램,1
1842,#타짜,1
1843,#할머니,1
1844,#현금을,1
1845,#뽑아올걸,1
1846,#그랬네,1
1847,#내일,1
1848,#시내가자,1
1849,#산후안,1
1850,#서핑,4
1851,#인스타일상,3
1852,#surf,2
1853,#surfing,3
1854,#union,1
1855,#merrychristmas,7
1856,#치앙마이일주일살기,1
1857,#치앙마이호텔,3
1858,#동남아3주여행,1
1859,#초록의도시,1
1860,#디인사이드하우스,2
1861,#theinsidehouse,2
1862,#치앙마이숙소,2
1863,#수영장호텔,2
1864,#chiangmai,7
1865,#데일리스타그램,4
1866,#전주근교,4
1867,#몽펠리에레토랑,4
1868,#몽펠리에,4
1869,#전주맛집,5
1870,#완주맛집,4
1871,#디자이너,1
1872,#운동하는남자,7
1873,#가자,1
1874,#안전한물티슈,1
1875,#인스타사이즈,1
1876,#페르시안,1
1877,#경시생,1
1878,#준비없는여행,1
1879,#20191214,1
1880,#4살아기,1
1881,#2살아기,1
1882,#구룡포,1
1883,#포항맛집,1
1884,#대게,2
1885,#여행은언제나옳다,2
1886,#불토,1
1887,#일상여유,1
1888,#부츠,1
1889,#청바지,1
1890,#원픽,1
1891,#겨울코디,2
1892,#빅사이즈스키니,1
1893,#피팅,1
1894,#메이필드호텔,1
1895,#일룸컨셉룸,1
1896,#일룸,1
1897,#메이필드,1
1898,#어린이텐트,1
1899,#어린이책상,1
1900,#원형식탁,1
1901,#해피스퀘어,1
1902,#마이팔레트,1
1903,#라페스타,1
1904,#엄마취향,1
1905,#황토집숯불닭갈비,3
1906,#춘천여행,5
1907,#춘천스타그램,2
1908,#춘천맛집,3
1909,#춘천닭갈비,3
1910,#춘천숯불닭갈비,3
1911,#춘천숯불닭갈비맛집,5
1912,#춘천맛집황토집숯불닭갈비,3
1913,#춘천닭갈비춘천시,2
1914,#소양강댐닭갈비,1
1915,#스위스여행,2
1916,#스위스,3
1917,#루채른,1
1918,#샤토게슈,1
1919,#리기산,1
1920,#인터라켄,2
1921,#단발머리,1
1922,#추워,2
1923,#아하남매네여수,2
1924,#아린스타그램,2
1925,#닭띠아가,2
1926,#생후861일,2
1927,#하온스타그램,2
1928,#개띠아가,2
1929,#생후447일,2
1930,#오동도,4
1931,#바람이너무불어,1
1932,#완전추웠음,1
1933,#여수야안녕,2
1934,#담에또올게,2
1935,#이제전주로가자아,2
1936,#연년생육아,2
1937,#13개월차이연년생,2
1938,#연년생맘,3
1939,#남매맘,2
1940,#딸맘,7
1941,#도치맘,9
1942,#이쁜내새꾸들,2
1943,#노맨틱,1
1944,#후암동,1
1945,#항공과,1
1946,#타이베이,4
1947,#스펀,4
1948,#지우펀,7
1949,#예류지질공원,2
1950,#taipei,11
1951,#융캉제,1
1952,#대만맛집,2
1953,#98,5
1954,#시티즌엠,1
1955,#전주카페,3
1956,#나잇나잇,3
1957,#나잇나잇카페,3
1958,#전주카페추천,3
1959,#bakery,4
1960,#jeonju,3
1961,#여행가세라,6
1962,#doubl2sinkualalumpur,1
1963,#나시르막,1
1964,#단돈3천원,1
1965,#쿠알라룸푸르,1
1966,#KL,1
1967,#kualalumpur,1
1968,#klfood,1
1969,#nasilemak,1
1970,#fooddiary,1
1971,#혼행,1
1972,#보홀여행,5
1973,#2018,1
1974,#daughter,1
1975,#딸,1
1976,#인스타베이비,5
1977,#천지연망고레이,1
1978,#망고레이,1
1979,#망고레이천지연폭포점,1
1980,#망고레이천지연점,1
1981,#망고,1
1982,#망고레이카페,1
1983,#망고레이천지연,1
1984,#맛난망고,1
1985,#가족과함께,1
1986,#다이빙,2
1987,#스쿠버다이빙,4
1988,#블라디보스톡,2
1989,#발리,5
1990,#나트랑,9
1991,#diving,1
1992,#vietnam,17
1993,#russia,2
1994,#indonesia,1
1995,#을지로,2
1996,#종각맛집,2
1997,#명동맛집,2
1998,#을지로맛집,2
1999,#종로맛집,2
2000,#점심,2
2001,#힙지로,2
2002,#점심맛집,2
2003,#저녁맛집,2
2004,#직장인스타그램,3
2005,#디라이프스타일키친,2
2006,#sfc맛집,2
2007,#생활의달인,2
2008,#해산물빠에야,2
2009,#알리오올리오,2
2010,#분위기좋은,3
2011,#광화문맛집,2
2012,#친스타그램,14
2013,#레스토랑,2
2014,#양식,1
2015,#에피세리꼴라주,1
2016,#연말모임,2
2017,#horseshoebend,2
2018,#홀스슈밴드,1
2019,#감기조심,1
2020,#예비군,1
2021,#술이,1
2022,#안깬다,1
2023,#bangkoktrip,2
2024,#friendship,1
2025,#wien,2
2026,#europe,7
2027,#빈,1
2028,#무드,1
2029,#성당,2
2030,#글스타그램,1
2031,#글귀,1
2032,#붓싼,2
2033,#부산사진,2
2034,#감천동,1
2035,#골목사진,1
2036,#내가찍은사진,2
2037,#사진자랑,1
2038,#부산추천,2
2039,#색감,2
2040,#부산감성,2
2041,#골목감성,1
2042,#사진찍기좋은곳,6
2043,#사진작가,6
2044,#성희님,1
2045,#와이파이맛집,1
2046,#보홀맛집,1
2047,#우베코보홀,1
2048,#우베코,1
2049,#벌크업,1
2050,#줌마일상,1
2051,#육아맘일상,1
2052,#자유부인,2
2053,#canoneosm3,1
2054,#출사스타그램,1
2055,#캐논이미지스토밍,3
2056,#canon,5
2057,#먹방로드,1
2058,#travelers,1
2059,#portrait,4
2060,#거리사진,1
2061,#monogram,1
2062,#푸드파이터,1
2063,#오아시스,1
2064,#양준일,1
2065,#개발자그램,1
2066,#보석핸드폰케이스,4
2067,#큐빅핸드폰케이스,4
2068,#그립톡,4
2069,#데코덴케이스,4
2070,#데코덴핸드폰케이스,4
2071,#핸드폰케이스,4
2072,#핸드폰케이스주문제작,4
2073,#핸드폰케이스쇼핑몰,4
2074,#핸드폰,4
2075,#폰케이스,4
2076,#폰그립,4
2077,#스마트폰그립톡,4
2078,#뷰스타그램,4
2079,#폰손잡이,4
2080,#스마트폰손잡이,4
2081,#흔녀,4
2082,#흔남,5
2083,#한라산,5
2084,#한라산등반,2
2085,#백록담은다음기회에,1
2086,#허난설헌생가,1
2087,#허균허난설헌기념공원,1
2088,#eos90d,1
2089,#비엔나여행,3
2090,#비엔나맛집,1
2091,#슈니첼,2
2092,#20191225,3
2093,#속초올때마다아바이마을출첵,1
2094,#하늘색도이쁘고상쾌하고좋네,1
2095,#아바이마을,2
2096,#갯배,2
2097,#남매스타그램,3
2098,#guadalajara,2
2099,#zapopan,2
2100,#centro,1
2101,#멕시코과달라하라,2
2102,#과달라하라,2
2103,#과달라하라여행,2
2104,#센트로히스토리코,1
2105,#바실리카성당,1
2106,#스위스마을,1
2107,#베니스여행,2
2108,#산타루치아,1
2109,#산마르코성당,1
2110,#자전거타는여자,1
2111,#영종도,1
2112,#디엠,5
2113,#follow,28
2114,#디올매장,1
2115,#짱멋짐,1
2116,#크아,1
2117,#멋지네,1
2118,#몽치,1
2119,#sanfranciscofood,1
2120,#hogisland,2
2121,#chowder,1
2122,#getaway,1
2123,#ferrybuilding,2
2124,#페리빌딩,1
2125,#시원하게이발,1
2126,#머리컷트,1
2127,#출근퇴근출근퇴근,1
2128,#맛집탐방,3
2129,#벌크업하기,1
2130,#following,3
2131,#좋아요늘리기,3
2132,#좋반테러하기,1
2133,#소통하기,1
2134,#경주카페,2
2135,#황남동카페,1
2136,#황리단길카페,2
2137,#황리단길맛집,1
2138,#황리단길핫플,1
2139,#카페능,1
2140,#황리단길,3
2141,#플랫화이트,1
2142,#떼샷,1
2143,#크럼블,1
2144,#식도락여행,2
2145,#경주여행,6
2146,#무궁화호,1
2147,#새마을호,1
2148,#온양온천,1
2149,#동기,2
2150,#국민대,1
2151,#노래모임징,1
2152,#journey,3
2153,#train,1
2154,#spring,1
2155,#타이완,8
2156,#화롄,1
2157,#츠샹,2
2158,#hualien,1
2159,#hualientrip,1
2160,#hualientravel,1
2161,#대만족,1
2162,#나는대만족입니다,1
2163,#대만족을위한세가지이벤트,1
2164,#대만미슐랭,1
2165,#taiwantour,1
2166,#화롄여행,1
2167,#비자곶펜션,1
2168,#비자곶펜션비자림점,1
2169,#제주가족여행,1
2170,#가족펜션,1
2171,#제주독채펜션,1
2172,#제주한달살기,1
2173,#제주동쪽숙소,1
2174,#비자림펜션,2
2175,#마당이이쁜펜션,1
2176,#climbing,1
2177,#backpacking,3
2178,#dslr,2
2179,#me,5
2180,#hiking,4
2181,#igtravel,3
2182,#백패킹,2
2183,#igers,4
2184,#naturephotography,2
2185,#igdaily,2
2186,#순천여행,2
2187,#순천펜션,2
2188,#헤이42,1
2189,#순천독채펜션,1
2190,#순천카페,2
2191,#순천만정원,1
2192,#순천만국가정원,1
2193,#순천만,1
2194,#순천숙박,1
2195,#순천숙소,1
2196,#수영장펜션,1
2197,#키즈펜션,1
2198,#순천만갈대,1
2199,#전라도,4
2200,#순천와온해변,1
2201,#순천맛집,1
2202,#여수카페,2
2203,#회사원,1
2204,#traveller,1
2205,#이젠좀쉬어도괜찮아,1
2206,#부산여행중,1
2207,#해운대바다,1
2208,#연말휴가,2
2209,#부산나들이,1
2210,#사진여행,2
2211,#파라다이스호텔,1
2212,#호텔스타그램,1
2213,#부산호텔추천,1
2214,#busan,5
2215,#travelphoto,3
2216,#hotelstyle,1
2217,#hotelgram,1
2218,#busantrip,1
2219,#koreatravel,2
2220,#goodmorning,1
2221,#goodday,1
2222,#nice,1
2223,#likelike,2
2224,#lover,1
2225,#팔로,2
2226,#상해디즈니,3
2227,#여행갈준비,1
2228,#여행가자,1
2229,#휴가준비,1
2230,#휴가준비중,1
2231,#휴가시작,1
2232,#시댁행,1
2233,#친정행,1
2234,#7개월아기,1
2235,#7개월아들,1
2236,#7개월아기장난감,1
2237,#7개월아기간식,1
2238,#20171216,1
2239,#나부부,1
2240,#honeymoon,2
2241,#hungary,1
2242,#budapest,1
2243,#6일차,1
2244,#6thday,1
2245,#아무렇게나찍어도,1
2246,#예술,1
2247,#sonynexc3,1
2248,#selp1650,1
2249,#Taiwan여행,3
2250,#타이페이,8
2251,#내사랑,4
2252,#내깐나,3
2253,#마이럽,3
2254,#예쁜아들램,3
2255,#멋진아들램,3
2256,#36개월아기,3
2257,#36개월베이비,3
2258,#베이비그램,4
2259,#자유의여신상,2
2260,#statueofliberty,1
2261,#제주도마지막날,1
2262,#함덕해수욕장,2
2263,#함덕해변,1
2264,#함덕맛집,1
2265,#제주공항맛집,2
2266,#인증샷,2
2267,#패러글라이딩,3
2268,#청춘패러,3
2269,#청춘스타그램,3
2270,#단양패러글라이딩,3
2271,#단양패러,3
2272,#내일로,3
2273,#버킷리스트,3
2274,#욜로,3
2275,#paragliding,3
2276,#전참시,3
2277,#danyang,3
2278,#1박2일,4
2279,#가을,4
2280,#여주,1
2281,#여주여행,1
2282,#신륵사,1
2283,#재이진오,1
2284,#아이콘시암,1
2285,#iconsiam,1
2286,#대구플라이트대만,1
2287,#대구출발해외여행,1
2288,#대구출발,1
2289,#대구여행사,1
2290,#대구대만,1
2291,#대구공항,1
2292,#대만패키지여행,1
2293,#타이페이패키지여행,1
2294,#패키지여행,1
2295,#대구패키지여행,1
2296,#경산,1
2297,#구미,5
2298,#의성,1
2299,#제주여행기,1
2300,#여행의순간,1
2301,#추억팔이,3
2302,#12월가오슝,1
2303,#감성여행,3
2304,#토퍼,1
2305,#번팅,1
2306,#케이크번팅,1
2307,#케이크토퍼,1
2308,#생일토퍼,1
2309,#토퍼제작,1
2310,#메세지픽,1
2311,#안녕제주,3
2312,#통영여행,3
2313,#통영,3
2314,#통영맛집,3
2315,#통영카페,2
2316,#통영토퍼,1
2317,#여행토퍼,1
2318,#생신,1
2319,#여행픽,1
2320,#bridalshower,1
2321,#propose,1
2322,#피드,4
2323,#갤럭시,1
2324,#초당커피정미소,1
2325,#여보랑,2
2326,#moscow,1
2327,#russiatrip,1
2328,#skyscraper,1
2329,#moscowtrip,1
2330,#landscapephotography,2
2331,#landscapelovers,1
2332,#러시아,2
2333,#모스크바,1
2334,#러시아여행,2
2335,#모스크바여행,1
2336,#트래블스타그램,1
2337,#트래블그램,1
2338,#마천루,1
2339,#슈가브리움,1
2340,#플로팅조식,1
2341,#floatingshelves,1
2342,#조식,4
2343,#맛있긴하네,1
2344,#소화제,1
2345,#풀빌라,5
2346,#퀘벡,1
2347,#올드퀘벡,1
2348,#몸스타그램,3
2349,#dailygram,3
2350,#latergram,1
2351,#quebec,1
2352,#oldquebec,1
2353,#picoftheday,2
2354,#두아들과함께,1
2355,#천국,1
2356,#비치,4
2357,#lagunabeach,1
2358,#phuket,3
2359,#family,3
2360,#withtwoson,1
2361,#창원,3
2362,#맜있당,1
2363,#삼겹살맛집,1
2364,#좋다,1
2365,#레드샌듄,1
2366,#호치민,2
2367,#무이네,5
2368,#무이네맛집,1
2369,#현지인,1
2370,#사막투어,1
2371,#장진우식당제주,1
2372,#지구별여행자,1
2373,#부여여행,1
2374,#금강문화원,1
2375,#너에게가는길,1
2376,#감성글,1
2377,#감성사진관,1
2378,#우리동네예쁜길,1
2379,#조용히걷기좋은길,1
2380,#같이걸을래,1
2381,#원주사진,1
2382,#travelingkorea,1
2383,#1dxmark2,1
2384,#photos,1
2385,#photooftheday,10
2386,#koreanphotography,2
2387,#koreanphotographer,1
2388,#nicelandscape,1
2389,#road,1
2390,#beautifulroad,1
2391,#dailyphoto,1
2392,#proofoftheday,1
2393,#igs,1
2394,#좋반테러,15
2395,#ThaiMilkTea,1
2396,#Siam,1
2397,#AncientCity,1
2398,#OnFleek,1
2399,#FeelingCute,1
2400,#엄마생일,1
2401,#12월25일,2
2402,#서인의새벽다방,1
2403,#서인아나운서,1
2404,#mbc,1
2405,#mbc라디오,1
2406,#표준fm,1
2407,#95,1
2408,#새벽라디오,1
2409,#올빼미투어,1
2410,#광주여행,1
2411,#청춘발산마을,1
2412,#벽화마을,1
2413,#광주맛집,1
2414,#진흥불고기,1
2415,#소고기맛집,1
2416,#먹방투어,5
2417,#앤탈롭캐년,1
2418,#맥붕이라잘몰라요,1
2419,#해마를찾으시오,1
2420,#로마,4
2421,#로마여행,1
2422,#이탈리아여행,8
2423,#콜로세움,2
2424,#천사의성,1
2425,#베네치아광장,1
2426,#로마야경,1
2427,#낮보다는밤,1
2428,#숙소가는길,1
2429,#애플스토어,1
2430,#우육면컵라면,1
2431,#탄산수,1
2432,#편의점푸딩,1
2433,#뇸뇸,1
2434,#야식타임,1
2435,#제주여행중,2
2436,#주상절리,1
2437,#천제연폭포,1
2438,#햄버거맛집,1
2439,#호텔맛집,1
2440,#나트랑맛집,1
2441,#communication,2
2442,#여행추천,1
2443,#나트랑여행,2
2444,#스완도르리조트,2
2445,#swandorhotels,2
2446,#냐짱,2
2447,#냐짱여행,2
2448,#nhatrang,6
2449,#그랜드캐년1박2일,1
2450,#장풍빠셍,1
2451,#서니일상,2
2452,#상해여행,6
2453,#훠궈,1
2454,#사장님,1
2455,#천재,1
2456,#적게일하고많이벌기,1
2457,#기원해요,1
2458,#2019마지막바다,1
2459,#진도맛집,2
2460,#진도여행,1
2461,#진도가볼만한곳,1
2462,#돈까스맛집,1
2463,#진도맛집추천,1
2464,#맛집뿌시기,1
2465,#맛집도장깨기,1
2466,#JMT,3
2467,#송가인,1
2468,#송가인맛집,1
2469,#육아소통환영,1
2470,#육아소통맞팔,1
2471,#육아맘소통,2
2472,#주말스타그램,1
2473,#그냥경양식,1
2474,#앗뇽,1
2475,#말안듣는개딸,1
2476,#어덜트사료로바꿔줌,1
2477,#역시넌잘먹는다ㅋㅋㅋ,1
2478,#밥쟁이,1
2479,#간식쟁이,1
2480,#다컷다,1
2481,#너도내년엔1살이다,1
2482,#산책후뻗음,1
2483,#청주스타그램,1
2484,#오창스타그램,1
2485,#요리스타그램,3
2486,#미니스타그램,1
2487,#행복스타그램,3
2488,#함께스타그램,1
2489,#우리스타그램,1
2490,#선팔스타그램,1
2491,#맞팔스타그램,1
2492,#평생스타그램,1
2493,#인친스타그램,3
2494,#럽럽스타그램,1
2495,#댕댕스타그램,1
2496,#맞팔그램,1
2497,#미아리조트,1
2498,#인생샷득템중,1
2499,#라바이아,1
2500,#개조앙,1
2501,#인생스타그램,1
2502,#소연,1
2503,#로스앤젤레스,3
2504,#LosAngeles,1
2505,#엘에이,2
2506,#다이렉트,5
2507,#montr,2
2508,#몬트리올,2
2509,#노트르담대성당,1
2510,#winter,2
2511,#wintertravel,2
2512,#montreal,2
2513,#애월리안,1
2514,#빵맥,1
2515,#브와두스서귀포점,1
2516,#빵스타그램,3
2517,#서귀포카페,1
2518,#브와두스베이커리,1
2519,#제주타르트,1
2520,#제주여행스타그램,1
2521,#브와두스,1
2522,#가고싶다,1
2523,#옆태,1
2524,#잘나옴,1
2525,#살빼야지,1
2526,#살쪄야지,1
2527,#프로필,1
2528,#촬영,5
2529,#꼬프악꼬담,1
2530,#두마리토끼잡기성공,1
2531,#박수기정,1
2532,#제주일몰,1
2533,#일몰명소,1
2534,#오메가,1
2535,#일몰여명,1
2536,#일몰사진,1
2537,#인물사진,4
2538,#제주스냅,1
2539,#photographer,7
2540,#photoshoot,1
2541,#35mmphoto,1
2542,#35mm,1
2543,#70200,1
2544,#절친스타그램,1
2545,#첨성대,1
2546,#대릉원,1
2547,#동궁과월지,3
2548,#경주엑스포,1
2549,#신라,1
2550,#adeiu,1
2551,#스페인여행중,1
2552,#바르셀로나맛집,1
2553,#시우다드콘달,1
2554,#푸아그라스테이크,1
2555,#꿀대구,1
2556,#샹그리아,1
2557,#핵존맛탱,1
2558,#점프샷,2
2559,#17년우정,1
2560,#우정샷,2
2561,#동문시장,2
2562,#야시장,1
2563,#시장,1
2564,#용다리,1
2565,#선짜야시장,1
2566,#손트라야시장,1
2567,#한국사람인가,1
2568,#danang,8
2569,#danangtrip,5
2570,#danangvietnam,5
2571,#여행사진작가,6
2572,#다낭야시장,1
2573,#서가네뻥튀기,2
2574,#강릉맛집,4
2575,#중앙시장맛집,1
2576,#강릉중앙시장,2
2577,#강릉월화거리,1
2578,#월하거리,1
2579,#강냉이전문점,1
2580,#월화거리,1
2581,#강릉월하거리,1
2582,#강릉핫플,1
2583,#중앙시장,1
2584,#서가네,1
2585,#카라멜강냉이,1
2586,#초코강냉이,1
2587,#치즈강냉이,1
2588,#서가네라떼,1
2589,#뻥튀기아이스크림,1
2590,#색다른맛,1
2591,#아이간식,1
2592,#맥주안주,1
2593,#팝콘아님,1
2594,#월화거리맛집,1
2595,#건강먹거리,1
2596,#강릉월화거리맛집,1
2597,#강릉중앙시장맛집,1
2598,#제주애퐁당,1
2599,#중문,1
2600,#소주잔,1
2601,#제주소주잔,1
2602,#제주기념품,1
2603,#제주선물,1
2604,#제주기념품샵,1
2605,#제주기프트샵,1
2606,#중문핫플,1
2607,#중문선물가게,1
2608,#중문기념품샵,1
2609,#제주여행코스,2
2610,#서귀포시,1
2611,#제주감성소품샵,1
2612,#위미동백군락지,1
2613,#동백나무,1
2614,#동백수목원,2
2615,#남미여행,4
2616,#볼리비아,1
2617,#bolivia,1
2618,#우유니소금사막,1
2619,#우유니투어,1
2620,#uyuni,1
2621,#salardeuyuni,1
2622,#데이투어,1
2623,#snappediton,1
2624,#hongkong,5
2625,#hk,3
2626,#hkig,1
2627,#travelawsome,1
2628,#traveltheworld,3
2629,#rx100m3,1
2630,#sonyhongkong,1
2631,#홍콩,4
2632,#백록담,1
2633,#여미,2
2634,#록스마켓,1
2635,#therocksmarket,1
2636,#릉루엉국수,1
2637,#rungreungporknoodle,1
2638,#bangkokfood,1
2639,#도쿄,1
2640,#나카메구로,1
2641,#스타벅스리저브로스터리,1
2642,#healing,2
2643,#nakameguro,1
2644,#starbucksreserveroastery,1
2645,#latte,2
2646,#링로드,1
2647,#북동부,1
2648,#미바튼,1
2649,#미바튼온천,1
2650,#그료타갸우동굴온천,1
2651,#추억스타그램,3
2652,#myvatn,1
2653,#Grjotagja,1
2654,#grjotagjacave,1
2655,#오오티디룩,2
2656,#연남동카페,1
2657,#연남동맛집,1
2658,#레이어드연남,1
2659,#파티룩,1
2660,#잠깐여행,1
2661,#충주,1
2662,#대동,1
2663,#용인,1
2664,#광교,1
2665,#상현,1
2666,#wiwt,2
2667,#vintage,1
2668,#부산마카롱,1
2669,#전포마카롱,1
2670,#전포동마카롱클래스,1
2671,#전포마카롱클래스,1
2672,#서면마카롱클래스,1
2673,#부산마카롱원데이클래스,1
2674,#서면마카롱,1
2675,#macaron,2
2676,#macaronclass,1
2677,#instaselfie,1
2678,#부산마카롱수업,1
2679,#부산크리스마스마카롱,1
2680,#서면맛집,1
2681,#크리스마스데이트,1
2682,#부산카페투어,1
2683,#baking,1
2684,#부산베이킹수업,1
2685,#마카롱스타그램,1
2686,#bakingclass,1
2687,#단하루베이킹,1
2688,#전포맛집,1
2689,#전포베이킹수업,1
2690,#서면데이트,1
2691,#설악트릭미술관,1
2692,#인생샷성지,1
2693,#속초가족여행,1
2694,#속초가볼만한곳,1
2695,#속초여행코스,1
2696,#겨울가족여행,1
2697,#대게먹방,1
2698,#을,1
2699,#20191221,1
2700,#인천공항,3
2701,#출발,2
2702,#진에어,1
2703,#기장님,1
2704,#최고,2
2705,#인생비행,1
2706,#레전드,1
2707,#반전,1
2708,#해시태그,1
2709,#작렬,1
2710,#관종,1
2711,#아이폰11프로,2
2712,#타이동,1
2713,#타이동여행,1
2714,#백랑대도,1
2715,#논뷰,1
2716,#금성무나무,1
2717,#자전거대참사,1
2718,#빡치네,1
2719,#논뷰실종,1
2720,#bpintaiwan,1
2721,#taitung,1
2722,#chishang,1
2723,#bicycle,1
2724,#photodaily,1
2725,#art,4
2726,#artist,1
2727,#streetfashion,3
2728,#공유,3
2729,#블로그마켓,1
2730,#명품세상,1
2731,#정신줄놓음,1
2732,#소매치기조심,1
2733,#무서움,1
2734,#케이크,2
2735,#백종원,1
2736,#소호,2
2737,#뉴욕맛집,2
2738,#foodgram,2
2739,#love,8
2740,#푸꾸옥,4
2741,#액체괴물,1
2742,#루이비통가방,1
2743,#저녁메뉴,1
2744,#자개네일,1
2745,#ㅋ,2
2746,#캬,1
2747,#라오스,2
2748,#애쉬브라운,1
2749,#에어팟케이스,1
2750,#매트네일,1
2751,#cardigan,1
2752,#cat,2
2753,#dog,5
2754,#pet,1
2755,#a컷,1
2756,#지디카페,1
2757,#애월,1
2758,#팜파네,1
2759,#안물,1
2760,#첫줄안녕,1
2761,#아쿠아리움,2
2762,#20191227,4
2763,#방학시작,1
2764,#led머리띠,1
2765,#아쿠아리움잠실,1
2766,#금요일오후,1
2767,#남매일상,1
2768,#방학첫날,1
2769,#아이와갈만한곳,1
2770,#연간회원권,1
2771,#kidslife,1
2772,#남매룩,1
2773,#롯데몰,1
2774,#벨루가,1
2775,#이쁘다그램,2
2776,#크리스마스주간,1
2777,#l4like,3
2778,#선팔좋아요,1
2779,#cristmas,1
2780,#광주,8
2781,#소통환영,4
2782,#윗세오름,2
2783,#닭대신꿩,1
2784,#어승생악,1
2785,#윗세오름상고대,1
2786,#여기가포토존,1
2787,#여포존,1
2788,#산스타그램,5
2789,#등산스타그램,4
2790,#산은나의백그라운드,1
2791,#막돌아다니기,1
2792,#신인,1
2793,#트로트가수,1
2794,#차현,1
2795,#앨범,1
2796,#사랑의스파이,1
2797,#사랑,5
2798,#beautypeople,1
2799,#hair,2
2800,#머리스타그램,2
2801,#인스타뷰티,2
2802,#망년회,1
2803,#겨울패션,1
2804,#패딩,1
2805,#오늘뭐입지,1
2806,#오늘의흔남,1
2807,#Euphoriacoffeeroasters,1
2808,#유포리아커피로스터스,1
2809,#seoultrip,1
2810,#cafeinteriors,1
2811,#cafelover,1
2812,#cafelife,1
2813,#cafetour,1
2814,#카페사진,1
2815,#커피타임,3
2816,#카페놀이,1
2817,#카페베네,1
2818,#오늘하루,1
2819,#하롱베이,2
2820,#석회동굴,1
2821,#스피드보트,1
2822,#3일차,1
2823,#좋튀,9
2824,#03,1
2825,#nycgo,1
2826,#newyorkcity,1
2827,#newyorkgram,1
2828,#newyorktravel,1
2829,#fujifilm,4
2830,#classicsmagazine,1
2831,#icapture,1
2832,#dailymood,2
2833,#뉴욕스냅,2
2834,#유디니,8
2835,#비글부부,1
2836,#비글커플,1
2837,#커플룩,4
2838,#커플일상,1
2839,#경자년,1
2840,#라탄거리,1
2841,#리행퍼니쳐싸카썽,1
2842,#cnx,1
2843,#올드시티,1
2844,#모모치앙마이노리,1
2845,#momochiangmainori,1
2846,#visittaiwan,1
2847,#exploretaiwan,1
2848,#taipeilife,1
2849,#mountainhiking,1
2850,#girlswhotravel,1
2851,#xiaoyoukeng,1
2852,#fumorole,1
2853,#newtaipei,1
2854,#yangminshannationalpark,1
2855,#amazingtaiwan,1
2856,#volcano,1
2857,#volcanicactivity,1
2858,#인스타스램,2
2859,#콩카페,2
2860,#눈감으면한국인줄,1
2861,#코코넛라떼,1
2862,#연유라떼,2
2863,#다낭카페,1
2864,#콩카페다낭,2
2865,#예당호출렁다리,1
2866,#예당호,1
2867,#예산여행,1
2868,#춥다추워,1
2869,#엄마랑데이트,1
2870,#오늘의하루,1
2871,#korealocaltrip,1
2872,#정신이없구나,1
2873,#그래도좋아,1
2874,#즐겁게놀자,2
2875,#춘천,1
2876,#닭갈비맛집,1
2877,#춘천닭갈비맛집,1
2878,#춘천여행중,2
2879,#춘천닭갈비존맛,1
2880,#춘천맛집베스트,1
2881,#춘천맛집추천,1
2882,#소양강맛집,1
2883,#트레킹,2
2884,#kunming,1
2885,#trekking,1
2886,#산미겔데아옌데,1
2887,#sanmigueldeallende,1
2888,#세부막탄,1
2889,#알프하임리조트,1
2890,#샤브샤브,1
2891,#cebutravel,1
2892,#cebumactan,1
2893,#alfheimresort,1
2894,#별,1
2895,#별사진,1
2896,#꿈은이루어진다,1
2897,#이순간갤러리,1
2898,#이순간갤러리스냅,1
2899,#부산스냅,1
2900,#크리스마스선물,3
2901,#둔덕기성,1
2902,#은하수,2
2903,#카메라,5
2904,#소니a7m3,1
2905,#sonya7iii,1
2906,#소니사진대상,1
2907,#소니이미지갤러리,3
2908,#캐논이미징스토밍,1
2909,#대한민국구석구석,3
2910,#삿포로,1
2911,#북해도여행,1
2912,#비에이,1
2913,#오타루운하,1
2914,#오타루,1
2915,#훗카이도,1
2916,#하트반사,1
2917,#필름카메라,5
2918,#eos66,2
2919,#기록,3
2920,#국내,2
2921,#filca,2
2922,#picn2k,2
2923,#캐논카메라,2
2924,#캐논eos66,2
2925,#후지필름,5
2926,#canoneos66,2
2927,#filmcamera,2
2928,#filmphoto,2
2929,#필름사진,2
2930,#여행3일차,1
2931,#빠끄,1
2932,#라운지바,1
2933,#lol,2
2934,#밀밭양조장,1
2935,#호로롭,1
2936,#샘플러맥주,1
2937,#광주송정역,2
2938,#광주1913송정역시장,1
2939,#엄마랑,2
2940,#낮술,1
2941,#꼭,1
2942,#쓰리베드룸풀빌라,1
2943,#우리방,1
2944,#거의,1
2945,#잠,1
2946,#쌀쌀,1
2947,#수영,2
2948,#못해,2
2949,#우리지금처럼늘행복하자,1
2950,#신혼재미,1
2951,#늘작은것에감사하고행복하기,1
2952,#결혼,2
2953,#첫여행,2
2954,#비와서,1
2955,#하늘이,1
2956,#꾸리꾸리,1
2957,#그래도,2
2958,#바다와서,1
2959,#신남,2
2960,#강문해변,1
2961,#경포해변,1
2962,#안목해변,6
2963,#해변투어,1
2964,#참소리축음기에디슨과학박물관,1
2965,#뮤직박스,1
2966,#소리너무이쁨,1
2967,#동동이,1
2968,#갑툭튀주의,1
2969,#진정쀼,1
2970,#연애하는부부,1
2971,#다시일상으로,1
2972,#여행이좋다,2
2973,#타이베이여행,1
2974,#가족해외여행,1
2975,#예스진지,1
2976,#버스투어,1
2977,#예루,1
2978,#지질공원,1
2979,#천등,1
2980,#스펀천등,1
2981,#소원,1
2982,#진과스,1
2983,#광부도시락,1
2984,#센과치히로의행방불명배경,1
2985,#홍등,1
2986,#버블티,1
2987,#coco,1
2988,#낼모래,1
2989,#출국,3
2990,#네살,1
2991,#아빠와아들,1
2992,#아들,2
2993,#사랑해,13
2994,#귀요미,1
2995,#세젤귀,1
2996,#아들바보,1
2997,#남해,1
2998,#다랭이마을,1
2999,#맑음,1
3000,#grandcanyon,1
3001,#canyon,1
3002,#nature,3
3003,#arizona,1
3004,#america,1
3005,#시즈니맞팔,1
3006,#안녕피렌체,1
3007,#오늘은베네치아로,1
3008,#유럽의연말풍경,1
3009,#view,2
3010,#goodnight,1
3011,#night,1
3012,#holidayseason,3
3013,#소니,2
3014,#소니픽쳐스,2
3015,#dogsofinstagram,2
3016,#부산모델,2
3017,#인물,2
3018,#일반인,2
3019,#개인모델,2
3020,#개인화보,2
3021,#감성스냅,2
3022,#flight,2
3023,#airport,1
3024,#fly,1
3025,#목도리,1
3026,#빨간색,1
3027,#비행기,3
3028,#연남동,3
3029,#다운타우너,1
3030,#liker,1
3031,#당분간포르투갈앓이좀할게요,1
3032,#포르투갈,2
3033,#포르투,2
3034,#허쓰,1
3035,#허쓰사진,1
3036,#몽실카도샌드위치,1
3037,#Thank,1
3038,#브런치카페,2
3039,#제주감성카페,1
3040,#한경면카페,1
3041,#맛스타,2
3042,#청수미방,1
3043,#오설록맛집,1
3044,#카멜리아힐맛집,1
3045,#제주도샌드위치,1
3046,#제주서쪽맛집,1
3047,#제주국제학교맛집,1
3048,#제주신상카페,1
3049,#프랑스가정식,1
3050,#사우스뱅크,1
3051,#southbank,1
3052,#아빠랑딸,1
3053,#wanderlust,4
3054,#explore,2
3055,#adventure,1
3056,#student,1
3057,#university,1
3058,#college,1
3059,#outdoors,1
3060,#chicago,1
3061,#chitown,1
3062,#pier,1
3063,#navypier,1
3064,#greenhouse,1
3065,#민아찡,1
3066,#런치,1
3067,#마젤란수트라하버,2
3068,#시애틀,1
3069,#델타,1
3070,#가봉반과,1
3071,#coffeebreak,1
3072,#마지막,4
3073,#selfiestagram,1
3074,#부부,3
3075,#합천,1
3076,#남편,3
3077,#신랑,1
3078,#합천영상테마파크,1
3079,#합천맛집,1
3080,#모임,1
3081,#럽럽,1
3082,#연탄골목,1
3083,#상무지구,4
3084,#Guam,1
3085,#MalessoPier,1
3086,#여행준비,3
3087,#좋아요태러,1
3088,#좋아요환영,2
3089,#좋아요꾹끅,1
3090,#좋아요꾸욱,1
3091,#베이징공항,2
3092,#내여행,1
3093,#내여행사진,1
3094,#겨울사진,1
3095,#겨울풍경,1
3096,#보드장,1
3097,#설경,1
3098,#설산,1
3099,#눈밭,1
3100,#리프트,1
3101,#푸른하늘,1
3102,#파란하늘,1
3103,#흰구름,1
3104,#나무,1
3105,#침엽수,1
3106,#그림자,1
3107,#침잠,1
3108,#절망,1
3109,#폰카의한계,1
3110,#하노이,5
3111,#saigon,1
3112,#hcmc,1
3113,#dulich,1
3114,#달랏,4
3115,#달랏여행,3
3116,#달랏맛집,1
3117,#follow4followback,2
3118,#followers,2
3119,#백석대,1
3120,#쿰캠프,1
3121,#백석인증제,1
3122,#이글윙스26기,1
3123,#191227,3
3124,#후식,2
3125,#antique,1
3126,#petitebangkokcafe,1
3127,#thailandcafe,1
3128,#berrycake,1
3129,#pinkcafe,1
3130,#patisserierosie,1
3131,#pataya,1
3132,#hotsprings,1
3133,#hotspring,1
3134,#onsen,1
3135,#hakone,1
3136,#girlstrip,1
3137,#travelgirl,1
3138,#japantravel,1
3139,#travelalone,1
3140,#eatstagram,1
3141,#개금,1
3142,#개금밀면,1
3143,#춘하추동밀면,1
3144,#부산맛집,7
3145,#endofyear,2
3146,#happiness,4
3147,#라봉게스트하우스,1
3148,#원피스,1
3149,#소통그램,2
3150,#제주도소규모게스트하우스,1
3151,#AMA,1
3152,#루프탑수영장,1
3153,#새로운집,1
3154,#바로앞이바다,1
3155,#venezia,2
3156,#venice,1
3157,#igersvenezia,1
3158,#veneto,1
3159,#igersveneto,1
3160,#veneziaunica,1
3161,#veneziadavivere,1
3162,#venise,1
3163,#venetissimo,1
3164,#venecia,1
3165,#volgoveneto,1
3166,#volgovenezia,1
3167,#veniceitaly,1
3168,#venedig,1
3169,#베니스,3
3170,#부라노섬,2
3171,#italia,1
3172,#biennaledivenezia,1
3173,#burano,1
3174,#loves,1
3175,#somewheremagazine,1
3176,#색감미술관,1
3177,#블루베리떡케이크,1
3178,#생일축하드려요,1
3179,#주문주셔서감사합니다,1
3180,#구미퓨전떡케이크,1
3181,#구미앙금플라워케이크,1
3182,#구미쌀간식,1
3183,#구미답례떡,1
3184,#구미간식,1
3185,#상견례선물,1
3186,#구미어린이집케이크,1
3187,#김천,1
3188,#왜관,1
3189,#상주,1
3190,#형곡,1
3191,#떡스타그램,1
3192,#주문케이크,1
3193,#생일케이크,1
3194,#구미맘,2
3195,#칠순케이크,1
3196,#환갑케이크,1
3197,#팔순케이크,1
3198,#레터링케이크,1
3199,#원데이클래스,1
3200,#제주날씨어떤가요,1
3201,#집시컨셉,1
3202,#슌네부부,1
3203,#부부여행,2
3204,#겨울제주,4
3205,#자유로운영혼,1
3206,#캔슬,1
3207,#김포공항,1
3208,#미선유적지,2
3209,#myson,2
3210,#유네스코세계문화유산,2
3211,#여행둘째날,1
3212,#오늘의기록,2
3213,#기도,1
3214,#휴식,2
3215,#dailly,1
3216,#연말룩,4
3217,#성탄절,2
3218,#instafashion,3
3219,#데일리패션,3
3220,#여행룩,2
3221,#심플룩,1
3222,#친구룩,1
3223,#캐주얼룩,1
3224,#미니멀룩,1
3225,#놈코어룩,1
3226,#마실룩,1
3227,#을왕리해수욕장,1
3228,#크리스마스휴가,3
3229,#남해여행,3
3230,#함안,1
3231,#하휴당,1
3232,#참좋은시간입니다,1
3233,#벗이있어먼곳에서찾아오니이또한즐겁지아니한가,1
3234,#편백나무별장,1
3235,#황토방,1
3236,#나의로망,1
3237,#멧돌커피,1
3238,#송화전병,1
3239,#kanomori,1
3240,#카노모리진,1
3241,#Ballantines30,1
3242,#발렌타인30년산,1
3243,#오키나와,2
3244,#츄라우미수족관,1
3245,#고래상어,1
3246,#okinawa,2
3247,#churaumiaquarium,1
3248,#whaleshark,1
3249,#감성캠핑,2
3250,#메타세콰이어산책로,1
3251,#겨울캠핑,2
3252,#캠핑스타그램,3
3253,#분위기좋은곳,1
3254,#캠핑장,2
3255,#부부캠핑,2
3256,#커플캠핑,2
3257,#혼캠,2
3258,#나만알고싶은캠핑장,2
3259,#삼원레저타운,2
3260,#prague,1
3261,#czech,1
3262,#프라하간식,1
3263,#디피카쿡,2
3264,#뜨르들로,1
3265,#ootdfashion,1
3266,#빵집,2
3267,#덕천,1
3268,#헬스,3
3269,#아울렛,1
3270,#outlet,1
3271,#롯데아울렛,1
3272,#icheon,1
3273,#솔리드옴므,1
3274,#solidhomme,1
3275,#solidhomme2000,1
3276,#이천,2
3277,#mensfashion,1
3278,#2000solid,1
3279,#wym,1
3280,#하객룩,1
3281,#데이트룩,2
3282,#리조트,2
3283,#공항패션,1
3284,#어메니티,1
3285,#연인,1
3286,#카누팁,1
3287,#신시가지,3
3288,#셀프네일,2
3289,#전주네일,2
3290,#nailart,2
3291,#네일,3
3292,#네일몰,2
3293,#전북최대규모,2
3294,#전주네일몰,2
3295,#대전네일,2
3296,#전북대,2
3297,#둔산동,3
3298,#다이아미,2
3299,#대전맛집,2
3300,#글리터네일,2
3301,#분위기,2
3302,#눈꽃네일,2
3303,#참파왕국,1
3304,#역사탐방,1
3305,#여수호텔더시티,1
3306,#hotelthecity,1
3307,#호텔더시티,1
3308,#시티파크CC,1
3309,#여수시티파크,1
3310,#여수숙박,1
3311,#여수숙소,1
3312,#구둥이,1
3313,#구남매,1
3314,#9남매,1
3315,#9번,1
3316,#우리집,1
3317,#대장,1
3318,#왕발,1
3319,#랄프,1
3320,#하바나선데이,1
3321,#하이웨스트비키니,1
3322,#life,3
3323,#선팔하면맞팔가요,1
3324,#카페공작소,1
3325,#루돌프머리띠,1
3326,#광치기해변,1
3327,#섭지코지,1
3328,#짱구네유채꽃밭,2
3329,#뀨우커플,1
3330,#국립부산과학관,2
3331,#기획,1
3332,#전시,1
3333,#구성,1
3334,#우주로의도전,1
3335,#아이와부산여행,2
3336,#하루종일놀기,1
3337,#부산가족여행,1
3338,#부산가즈아,1
3339,#애엄마그램,1
3340,#여행으로키우는우리아이,1
3341,#백만스물두마리,1
3342,#해피뉴이어,1
3343,#sdi,1
3344,#tdi,1
3345,#padi,1
3346,#scuba,1
3347,#scubadiving,1
3348,#clubhari,1
3349,#study,1
3350,#trainer,1
3351,#pescador,1
3352,#moalboal,1
3353,#gopro,1
3354,#turtle,1
3355,#펀다이빙,1
3356,#스쿠버그램,1
3357,#모알보알,1
3358,#클럽하리,1
3359,#수중사진,1
3360,#멍미,1
3361,#크리스마스트리,2
3362,#감자탕집,1
3363,#어딘지모름,1
3364,#졸려,1
3365,#피곤해,1
3366,#사진이없네,1
3367,#눈이떠지지않아,1
3368,#괜찮아,1
3369,#크리스마스니까,1
3370,#곧,1
3371,#좀비,1
3372,#부활,1
3373,#여행정보,3
3374,#빵,2
3375,#빵빵,1
3376,#bread,1
3377,#travelbread,1
3378,#168,1
3379,#168모노레일,1
3380,#커팅너무잘한거같아,1
3381,#hotel,4
3382,#osakahotel,1
3383,#newopen,1
3384,#newopenhotel,1
3385,#namba,1
3386,#오사카여행,1
3387,#triptothailand,1
3388,#yearendvacation,1
3389,#dinner,1
3390,#brunch,1
3391,#올랜도,1
3392,#해리포터,1
3393,#유니버셜스튜디오,2
3394,#harrypotter,1
3395,#universalstudios,1
3396,#florida,1
3397,#orlando,1
3398,#홈캠,1
3399,#홈캠핑,1
3400,#백팩킹,1
3401,#솔캠,1
3402,#유부스타그램,1
3403,#미니멀캠핑,1
3404,#철판아이스크림,1
3405,#시장좋아하는신랑,1
3406,#아이스크림롤,1
3407,#코코넛아이스크림,1
3408,#푸꾸옥땅콩,1
3409,#코코넛땅콩,1
3410,#베트남푸꾸옥,1
3411,#푸꾸옥여행,2
3412,#푸꾸옥맛집,1
3413,#푸꾸옥야시장,1
3414,#푸꾸옥즈엉동야시장,1
3415,#푸꾸옥즈엉동,1
3416,#phuquoc,3
3417,#phuquocnightmarket,1
3418,#푸꾸옥가볼만한곳,1
3419,#초3아들,1
3420,#아이와자유여행,1
3421,#초딩맘,2
3422,#아들과아빠,1
3423,#아이폰xs,1
3424,#한강,3
3425,#시험,1
3426,#us,1
3427,#옷집,1
3428,#신천,1
3429,#잠실,1
3430,#pilates,1
3431,#workout,1
3432,#pilatesinstructor,1
3433,#천백고지,1
3434,#1100고지,1
3435,#04,1
3436,#04년생,1
3437,#16살,1
3438,#중딩,1
3439,#intagood,1
3440,#가든블루펜션,1
3441,#애견펜션,1
3442,#애견여행,1
3443,#댕댕이,5
3444,#강아지,4
3445,#반려동물,1
3446,#소고기,1
3447,#한우,1
3448,#방탄,1
3449,#아미,1
3450,#먹부림,2
3451,#yum,1
3452,#yummy,3
3453,#냠냠,1
3454,#아이폰텐,1
3455,#캐논,1
3456,#바이시옷,1
3457,#핸드메이드,1
3458,#악세사리,2
3459,#행사,1
3460,#귀걸이,1
3461,#진주,1
3462,#거제,2
3463,#프리마켓,1
3464,#pscafe,2
3465,#Ok,1
3466,#미쳤네,1
3467,#아이스모카,1
3468,#lunch,1
3469,#pasta,2
3470,#속초카페,2
3471,#l4f,2
3472,#f4fb,1
3473,#좋아요구걸,1
3474,#피드채우기,1
3475,#05년생,1
3476,#중학생,1
3477,#05,1
3478,#중딩스타그램,1
3479,#유학생,1
3480,#반사,4
3481,#belvedere,1
3482,#부신가는길,1
3483,#민트곰돌이,1
3484,#세식구,1
3485,#cannibaleroyale,1
3486,#스테이크맛집,1
3487,#Amsterdam,1
3488,#암스테르담여행,4
3489,#암스테르담,1
3490,#언팔은차단,1
3491,#언팔은언팔,1
3492,#광고사절,1
3493,#shanghaidisneyland,6
3494,#바깥양반,1
3495,#홈쿡,2
3496,#대구탕,1
3497,#국물,1
3498,#고마워,1
3499,#요리,2
3500,#머구리횟집,2
3501,#강릉횟집,2
3502,#강원도맛집,2
3503,#강릉맛집머구리횟집,2
3504,#강릉카페거리,2
3505,#강릉송정,2
3506,#hbd,1
3507,#delicious,3
3508,#mountain,2
3509,#weekend,1
3510,#이에르바,1
3511,#맛은쏘쏘,1
3512,#의자불편하지만,1
3513,#사진찍기좋은카페,1
3514,#개선문,1
3515,#몽생미셸투어,1
3516,#인디고트래블,1
3517,#에끌레어,1
3518,#커피에끌레어,1
3519,#까르푸,1
3520,#국제시장,2
3521,#부산역,1
3522,#광안리해수욕장,2
3523,#광안리게하,1
3524,#1박2일여행,3
3525,#디몰,1
3526,#워커리아크랩파스타하우스,1
3527,#할로망고,1
3528,#핵존맛,1
3529,#소주한잔,1
3530,#게리스그릴,1
3531,#아리아,1
3532,#알로하호텔,1
3533,#아이러브바베큐,1
3534,#뉴요커,1
3535,#하고싶다,1
3536,#맨하탄,2
3537,#브루클린,1
3538,#피터루거,1
3539,#브루클린브릿지,1
3540,#집가기싫다,1
3541,#여기살래,1
3542,#holidays,3
3543,#그랩,1
3544,#구글맵,1
3545,#반곡지,1
3546,#경산가볼만한곳,1
3547,#경산반곡지,1
3548,#경산여행,1
3549,#골짜기,1
3550,#아틀라스산맥,1
3551,#굽이길,1
3552,#고생길,1
3553,#모로코,1
3554,#valley,1
3555,#atlasmountains,1
3556,#morocco,1
3557,#바다사진,1
3558,#사이판바다,1
3559,#마이크로비치,1
3560,#선셋,1
3561,#spectacularsunset,1
3562,#naturelover,1
3563,#seaview,1
3564,#sunset,3
3565,#sunsetbeach,1
3566,#lightroom,1
3567,#xt20,1
3568,#x100t,1
3569,#timesquare,1
3570,#NYC,1
3571,#타임스퀘어,1
3572,#휴학생,1
3573,#브로드웨이42번가,1
3574,#broadway,1
3575,#브로드웨이,2
3576,#parisrestaurant,1
3577,#paristravel,2
3578,#parisfrance,2
3579,#france,2
3580,#vsco,4
3581,#vscocam,2
3582,#iphonephotography,2
3583,#escargot,1
3584,#파리,5
3585,#프랑스,4
3586,#달팽이요리,1
3587,#파리레스토랑,1
3588,#파리맛집,1
3589,#실시간,1
3590,#이번주말엔,1
3591,#여기추천,1
3592,#횡성,1
3593,#태기산,1
3594,#프립,1
3595,#프립호스트,1
3596,#슈퍼호스트,1
3597,#호카오네오네,1
3598,#하이킹,1
3599,#가이드투어,1
3600,#핫플레이스,2
3601,#outdoor,1
3602,#아웃도어,1
3603,#산악인,1
3604,#다이어트그램,2
3605,#블랙야크알파인클럽,1
3606,#분짜,1
3607,#nhatrangbeach,1
3608,#나트랑마사지,1
3609,#냐짱마사지,1
3610,#문스파,1
3611,#moonspa,1
3612,#KTX,1
3613,#동대구역,1
3614,#김광석다시그리기길,1
3615,#대구가볼만한곳,2
3616,#Europe,4
3617,#포지타노,3
3618,#포지타노여행,3
3619,#포지타노여행코스,3
3620,#마을,3
3621,#포지타노마을,3
3622,#아말피해변,3
3623,#알록달록,3
3624,#예쁘다,5
3625,#스물둘,3
3626,#eudiny,6
3627,#공감,2
3628,#f,3
3629,#likeforlikeback,1
3630,#코타키나발루여행,3
3631,#코타키나발루맛집,1
3632,#코타,1
3633,#반딧불이,2
3634,#말레이시아맛집,1
3635,#sabah,1
3636,#kk,1
3637,#borneo,1
3638,#yolo,3
3639,#snowman,1
3640,#구병모,1
3641,#장편소설,1
3642,#Repost,4
3643,#포천카페,1
3644,#포천맛집,1
3645,#아트벨리,1
3646,#남양주카페,1
3647,#남양주맛집,1
3648,#양주카페,1
3649,#양주맛집,1
3650,#의정부카페,1
3651,#의정부맛집,1
3652,#신정,1
3653,#서울근교나들이,1
3654,#서울근교데이트,1
3655,#서울근교카페,1
3656,#서울근교여행,1
3657,#포천여행,1
3658,#광릉수목원카페,1
3659,#고모리카페,1
3660,#노키즈존카페,1
3661,#핫플레이스카페,1
3662,#vasarace,1
3663,#kimono,1
3664,#kamakura,1
3665,#liketime,1
3666,#안나,1
3667,#울라프가,1
3668,#멕시코요리,1
3669,#안자매여행,1
3670,#샌디에고,1
3671,#puestoattheheadquarters,1
3672,#호안끼엠,2
3673,#해변,1
3674,#일출,2
3675,#sunrise,1
3676,#종효랑졍이랑,1
3677,#한달살기,2
3678,#취미,3
3679,#두리안건물,1
3680,#해외한달살기,1
3681,#싱가포르여행,2
3682,#초딩맘그램,2
3683,#drawing,3
3684,#esplanade,1
3685,#타투,2
3686,#하이원,2
3687,#메이힐스,1
3688,#카지노,1
3689,#정선,2
3690,#겨울스포츠,1
3691,#눈썰매,1
3692,#신난다그램,2
3693,#좋으다그램,1
3694,#눈밭구르기,1
3695,#룰루랄라,1
3696,#연말즐기기,1
3697,#즐거운인생,1
3698,#난쟁이,1
3699,#귀엽다그램,1
3700,#어른이,1
3701,#assisi,1
3702,#rome,1
3703,#청평켄싱턴리조트,1
3704,#가족들과,1
3705,#키즈룸,1
3706,#55평,1
3707,#우리집두55평이면좋겠음,1
3708,#자동차침대,1
3709,#꿀잼,2
3710,#사람,1
3711,#없어서,1
3712,#좋았다,1
3713,#이제다시,1
3714,#일하러가자,1
3715,#nightmarket,1
3716,#chiangmainightmarket,1
3717,#주말야시장,1
3718,#치앙마이야시장,1
3719,#연애,2
3720,#포로수용소,1
3721,#거제도여행,2
3722,#경남여행,2
3723,#씨월드,1
3724,#돌고래공연,1
3725,#거제마리아,1
3726,#소노캄거제,1
3727,#유니온네,1
3728,#당분간거제도는안녕,1
3729,#하슬라아트월드,3
3730,#강릉여행하슬라아트월드짱,3
3731,#데이트코스,3
3732,#엄빠,3
3733,#강릉가볼만한곳,3
3734,#언스,1
3735,#아오자이,1
3736,#hoian,3
3737,#melbournecentral,1
3738,#travelaroundtheworld,1
3739,#팔로워반사,1
3740,#followback,2
3741,#worldtour,2
3742,#vietnamfood,2
3743,#vietnamtravel,2
3744,#dalat,2
3745,#dalattrip,2
3746,#시노,2
3747,#이순신세트장,1
3748,#변산반도,1
3749,#드라마세트장,1
3750,#서해,1
3751,#서해바다,1
3752,#전라북도,1
3753,#전북,1
3754,#부안,1
3755,#전라도여행,2
3756,#전라북도여행,1
3757,#전북여행,2
3758,#부안여행,1
3759,#전국여행,1
3760,#한국여행,4
3761,#한일커플,1
3762,#스톤네일,1
3763,#likeforfollowers,1
3764,#폭풍업뎃,1
3765,#지송,1
3766,#여행은사진이지않겠습니까,1
3767,#managahaisland,1
3768,#등짝뜨거워죽을뻔,1
3769,#26,1
3770,#햇빛맛집,1
3771,#밥달라고,1
3772,#와다다다,1
3773,#우다다다,1
3774,#달려라달려,1
3775,#염소,1
3776,#흑염소,1
3777,#양,1
3778,#흰양,1
3779,#강화여행,1
3780,#동물원,1
3781,#프렌쥬랜드,1
3782,#동물스타그램,2
3783,#데이트스타그램,2
3784,#좋아요폭탄,2
3785,#carat,6
3786,#caratfff,2
3787,#대전카페,1
3788,#전주맛집추천,1
3789,#고기,1
3790,#냉면,1
3791,#술,2
3792,#처음처럼,1
3793,#야식,1
3794,#lileforlike,1
3795,#날아라,1
3796,#저멀리,1
3797,#tb,1
3798,#moma,1
3799,#painting,1
3800,#projection,1
3801,#modernart,1
3802,#starrynight,1
3803,#autumn,1
3804,#현대미술관,1
3805,#그림,2
3806,#투영,1
3807,#별이빛나는밤,1
3808,#20대,1
3809,#애나생활그램,1
3810,#온도차이,1
3811,#집에가고싶다,1
3812,#흐흐,1
3813,#바나힐사진맛집,1
3814,#바나힐포토스팟,1
3815,#banahills,1
3816,#sunworld,1
3817,#photospot,1
3818,#allblack,1
3819,#lijiang,1
3820,#chinatravel,3
3821,#twink,1
3822,#twinkboy,1
3823,#asian,1
3824,#taiwanese,1
3825,#리장,2
3826,#게이,1
3827,#남자,1
3828,#대만사람,1
3829,#올블랙,1
3830,#페션,1
3831,#수트라하버마젤란,1
3832,#여행그림,1
3833,#여행일러스트,1
3834,#일러스트,2
3835,#일러스트레이터,1
3836,#일러스트그램,1
3837,#일러스트레이션,1
3838,#캐릭터,1
3839,#그림그리기,1
3840,#그림일기,1
3841,#두들,1
3842,#travelingart,1
3843,#illustration,2
3844,#illust,2
3845,#illustrator,1
3846,#제주숙소,2
3847,#금능해수욕장,1
3848,#협재숙소,1
3849,#제주독채팬션,1
3850,#제주숙소추천,1
3851,#제주가족팬션,1
3852,#감성숙소,2
3853,#제주관광,1
3854,#마미호시,1
3855,#mamihoshi,1
3856,#피크닉,1
3857,#아웃핏,4
3858,#체첸이사,1
3859,#칸쿤,2
3860,#cancun,1
3861,#maxico,1
3862,#chichenitza,1
3863,#발리여행,2
3864,#bali,3
3865,#라브리사,1
3866,#labrisa,1
3867,#핑크선셋,1
3868,#홈테코,1
3869,#순창,1
3870,#순창여행,1
3871,#베르자르당,1
3872,#예쁜카페,2
3873,#라떼,3
3874,#금산객잔,1
3875,#금산여관,1
3876,#분위기좋은카페,1
3877,#부산야경,1
3878,#더베이101,2
3879,#더베이,2
3880,#thebay,1
3881,#vivastudio,1
3882,#비바스튜디오,1
3883,#브롬리,1
3884,#제주유채꽃,2
3885,#용머리해안,1
3886,#오버핏코트,1
3887,#핸드메이드코트,1
3888,#여행과일상사이,1
3889,#오늘은,2
3890,#베리비지,1
3891,#멍때리러,1
3892,#혼자이고싶다,1
3893,#같이가좋은날,1
3894,#멍때리는여행,1
3895,#아이원츄,1
3896,#새해에도,1
3897,#건강하게,1
3898,#감사하게,1
3899,#dec,1
3900,#12월이좋은이유,1
3901,#diary,1
3902,#인스타일기,2
3903,#여행의맛,1
3904,#여행이란,1
3905,#여행도중독,1
3906,#하고싶은거하기,1
3907,#마린시티,2
3908,#셀고,1
3909,#가구,1
3910,#청담,1
3911,#부산대,1
3912,#애플파이,1
3913,#바이나흐튼크리스마스박물관,1
3914,#dumbo,1
3915,#bridge,1
3916,#SeeYourCity,1
3917,#mysecretnyc,1
3918,#architecture,3
3919,#design,2
3920,#sonyalpha,1
3921,#여행쓰,1
3922,#덤보,1
3923,#디자인,2
3924,#선물이에요,1
3925,#겨울바다보고싶었죠,1
3926,#바다여행,2
3927,#겨울이야기,2
3928,#겨울갬성,2
3929,#갬성스타그램,2
3930,#너랑연애중,1
3931,#탄중아루비치,1
3932,#카약대기중,1
3933,#시커먼스셋,1
3934,#dailyart,1
3935,#f4follow,2
3936,#전시회,2
3937,#전시회추천,1
3938,#대림미술관,1
3939,#reco,1
3940,#korean,3
3941,#무지개해안도로,2
3942,#오설록티뮤지엄,1
3943,#박물관이살아있다,1
3944,#대학생여행,1
3945,#코코리파이프,1
3946,#성의연극회19,1
3947,#개인촬영,1
3948,#성의연극회,1
3949,#개량한복,1
3950,#독일,3
3951,#10박12일,1
3952,#슬로바키아,1
3953,#보너스,1
3954,#헝가리야경,1
3955,#부다페스트야경,1
3956,#오빠가,1
3957,#오빠고마워,1
3958,#다음엔,1
3959,#영화의거리,1
3960,#부산영화의거리,1
3961,#광안대교,1
3962,#청량,1
3963,#파란,1
3964,#sea,5
3965,#메리필름,1
3966,#내최애사진,1
3967,#청청여행사,2
3968,#당분간휴업,1
3969,#개피곤,1
3970,#나찾지마,1
3971,#한실댁패밀리,1
3972,#휴가스타그램,4
3973,#팔순기념,1
3974,#넥서스리조트,1
3975,#고프로,1
3976,#고프로7,1
3977,#familytrip,2
3978,#goprohero7,1
3979,#털업털업,1
3980,#담꿍이,1
3981,#2020mangsang,1
3982,#일산,1
3983,#파주,1
3984,#파주책마을,1
3985,#지혜의숲,1
3986,#헤이리마을,1
3987,#파주여행,1
3988,#의법인줄,1
3989,#용산역,1
3990,#2019bestnine,2
3991,#시밀러룩,1
3992,#제주포토존,1
3993,#폭죽놀이,1
3994,#곰신맞팔,1
3995,#곰신일기,1
3996,#러브프로포즈,1
3997,#셀프스냅,1
3998,#나하,1
3999,#오키나와여행,1
4000,#오키나와호텔,1
4001,#나하호텔,1
4002,#나하여행,1
4003,#신규호텔,1
4004,#신축호텔,1
4005,#스위트룸,1
4006,#오키나와풀빌라,1
4007,#카리유시호텔,1
4008,#가리유시호텔,1
4009,#허니문,3
4010,#휴양지,3
4011,#호텔스위트룸,1
4012,#kariyushihotels,1
4013,#exesnaha,1
4014,#케이블카,1
4015,#여수해상케이블카,1
4016,#크리스탈케빈,1
4017,#솔로스타그램,1
4018,#디즈니랜드,5
4019,#백설공주,1
4020,#백설공주성,1
4021,#shanghai,4
4022,#꿈,1
4023,#희망,1
4024,#아빠,2
4025,#사주라,1
4026,#대왕쇼핑,1
4027,#도와주세요,1
4028,#bellagram,2
4029,#하이원리조트,2
4030,#하이원스키장,1
4031,#정선여행,1
4032,#하이드아웃,1
4033,#하이드아웃롱후리스,1
4034,#바다맛집,1
4035,#내생일,1
4036,#서프라이즈,1
4037,#강원도카페,1
4038,#푸들스타그램,1
4039,#미쯔레오,1
4040,#블랙푸들,1
4041,#견스타그램,4
4042,#puppy,1
4043,#gym,1
4044,#body,1
4045,#bikini,1
4046,#개스타그램,1
4047,#fitness,1
4048,#bike,1
4049,#사이클,1
4050,#cycling,1
4051,#mtb,1
4052,#웨이트,1
4053,#diet,2
4054,#진과스광산,1
4055,#영덕여행,1
4056,#하벳리조트,1
4057,#대게거리,1
4058,#effeltower,1
4059,#에펠타워,1
4060,#현대백화점,2
4061,#12월끝자락,1
4062,#daliy,1
4063,#갬성사진,2
4064,#follo,1
4065,#흔스타그램,1
4066,#selfle,1
4067,#like4,1
4068,#맛그램,1
4069,#짱맛,1
4070,#코디스타그램,1
4071,#올로모우츠,1
4072,#아름다워,1
4073,#까르보나라파스타,1
4074,#숨은맛집,1
4075,#디즈니랜드상해,1
4076,#tsimshatsui,1
4077,#harbour,1
4078,#koreanair,1
4079,#inflightmeal,1
4080,#timelapse,1
4081,#landing,1
4082,#intercontinental,1
4083,#출장,1
4084,#인터컨티넨탈,1
4085,#착륙,1
4086,#타임랩스,1
4087,#대한항공,1
4088,#죽,1
4089,#침사추이,2
4090,#하버뷰,1
4091,#승희식당,1
4092,#메뉴소개,1
4093,#생선구이,1
4094,#빛의벙커,1
4095,#빛의벙커제주,1
4096,#빛의벙커반고흐,1
4097,#반고흐,2
4098,#폴고갱,1
4099,#exhibition,1
4100,#vangogh,1
4101,#paulgaugin,1
4102,#사파,3
4103,#토파스에콜로지,3
4104,#taqueriaarandas,1
4105,#tacos,2
4106,#lime,2
4107,#elpastor,2
4108,#lengua,2
4109,#타케리아,2
4110,#아란다스,1
4111,#멕시칸,2
4112,#멕시칸음식,2
4113,#멕시칸타코,2
4114,#타코,2
4115,#실란트로,1
4116,#자갈치시장,1
4117,#부평깡통시장,1
4118,#해운대빛축제,2
4119,#해운대해수욕장,1
4120,#꼼장어,1
4121,#부평양곱창,1
4122,#맛나다,1
4123,#맛잇다그램,1
4124,#모노리스펜션,1
4125,#한옥펜션,2
4126,#구림전통한옥펜션,2
4127,#영암펜션,1
4128,#전남독채펜션,2
4129,#영암월출산펜션,1
4130,#영암기찬랜드펜션,1
4131,#기찬랜드펜션,1
4132,#영암한옥펜션,1
4133,#영암여행,1
4134,#전남한옥펜션,1
4135,#독채펜션,2
4136,#펜션여행,1
4137,#영암가볼만한곳,1
4138,#이쁜펜션,1
4139,#모래놀이만즐거웠다고한다,1
4140,#해외,2
4141,#아기랑여행,5
4142,#anniversary,1
4143,#푸켓여행,4
4144,#naiharn,1
4145,#Jeju,1
4146,#벨로인더로맨틱,1
4147,#마카오,4
4148,#갤럭시호텔수영장,1
4149,#그랜드리조트덱,1
4150,#여행지,1
4151,#vvip,1
4152,#여행크루,1
4153,#trevalcrew,1
4154,#macau,1
4155,#도깨비,1
4156,#동해안,1
4157,#커플목도리,1
4158,#도깨비촬영지,1
4159,#속초바다카페,1
4160,#바다정원,1
4161,#바다정원카페,1
4162,#다렉환영,1
4163,#신대방,1
4164,#신림,1
4165,#구로디지털단지,1
4166,#구디,1
4167,#컬러,1
4168,#런던여행,4
4169,#토트넘,2
4170,#토트넘직관,1
4171,#토트넘핫스퍼,1
4172,#축구,2
4173,#토트넘목도리,1
4174,#영국여행,1
4175,#수원,2
4176,#수원여행,1
4177,#수원맛집,1
4178,#광교엘포트아이파크,1
4179,#우정스타그램,3
4180,#유지어트,1
4181,#김볶,1
4182,#환상,1
4183,#꿀맛,1
4184,#다음에는같이오자,1
4185,#토트넘바디슈트,1
4186,#홈경기,1
4187,#원정경기,1
4188,#손흥민,1
4189,#꿈나무,1
4190,#엄마마음,1
4191,#이모부이모선물,1
4192,#조카사랑,1
4193,#애정듬뿍,1
4194,#영국현지,1
4195,#아기유니폼,1
4196,#선물인증,1
4197,#황금개띠,1
4198,#프리미어리그,1
4199,#늦잠,1
4200,#겨우,1
4201,#뚱이랑,1
4202,#함께라서,1
4203,#소양강댐맛집,1
4204,#8월말,1
4205,#여름휴가,1
4206,#2박3일,2
4207,#물놀이,2
4208,#튜브없이잘놀기,1
4209,#ㅋㅋㅋ,2
4210,#8월,1
4211,#여름,3
4212,#오빠좋은말할때사진잘찍자,1
4213,#나맨날눈감고있어,1
4214,#베이비,1
4215,#gili,1
4216,#인도네시아여행,1
4217,#인생여행지,1
4218,#휴학생라이프,1
4219,#윤식당촬영지,1
4220,#길리트라왕안,1
4221,#추울때더운나라로,1
4222,#미쿡느낌,1
4223,#햄붜궈,1
4224,#어딜가나,1
4225,#여수기념품샵,1
4226,#운수창작소,1
4227,#낭만가득,2
4228,#23,3
4229,#2019년,1
4230,#새신랑새신부,1
4231,#앞으로,1
4232,#잘부탁해,1
4233,#동갑부부,1
4234,#France,1
4235,#유쾌한주혜,1
4236,#포레스트베이크,1
4237,#베이커리,1
4238,#아아,2
4239,#chiangmaicafe,2
4240,#bakerycafe,1
4241,#방배동,1
4242,#방배순대국,1
4243,#sk증권,1
4244,#방배종현,1
4245,#goodafternoon,1
4246,#성공,1
4247,#success,1
4248,#사업,2
4249,#경영,1
4250,#management,1
4251,#foundr,1
4252,#millionaire,1
4253,#billionaire,1
4254,#entrepreneur,1
4255,#24hoursofbrompton,1
4256,#드렁드렁,1
4257,#심드렁,1
4258,#여행갈래,1
4259,#백도서관,1
4260,#결혼준비,1
4261,#하버드부자수업,1
4262,#리드리드출판,1
4263,#부자수업,1
4264,#머니플랜,1
4265,#돈관리,1
4266,#자기계발서,1
4267,#성공비법,1
4268,#부자되는법,1
4269,#신간,1
4270,#신간도서,1
4271,#오늘의책,1
4272,#베스트셀러,1
4273,#인생책,1
4274,#책추천해주는여자,1
4275,#서평단,1
4276,#서평이벤트,1
4277,#서평단모집,1
4278,#서평단이벤트,1
4279,#리뷰단모집,1
4280,#리뷰단이벤트,1
4281,#책그램,1
4282,#백도서관서평이벤트,1
4283,#미니머리띠,1
4284,#오사카카페,1
4285,#남해대교,1
4286,#ananti,2
4287,#아난티남해,2
4288,#이터널저니,2
4289,#족발세트,1
4290,#대선소주,1
4291,#그랑꾸베1531,1
4292,#대선,2
4293,#쉐리단,1
4294,#sheridan,1
4295,#커피레이어드리큐르,1
4296,#1,1
4297,#우정,1
4298,#감찬문화마을,1
4299,#두바이,1
4300,#indubai,1
4301,#올드두바이,1
4302,#리더십여행,1
4303,#좋은분들과,1
4304,#dm,2
4305,#동유럽여행,1
4306,#잘츠캄머굿,1
4307,#할슈타트,1
4308,#Frozen,1
4309,#hallstatt,1
4310,#프로도,1
4311,#kakaofriends,1
4312,#frodo,1
4313,#키덜트,1
4314,#덕후스타그램,1
4315,#덕후,2
4316,#놀맨,1
4317,#해물라면,1
4318,#제주라면맛집,1
4319,#제주놀맨,1
4320,#제주애월맛집,1
4321,#엄빠랑,1
4322,#쉬는여행,1
4323,#노잼인줄알았는데,1
4324,#바다가너무예뻐,1
4325,#나짱,1
4326,#photosynthesizing,1
4327,#atthebeach,1
4328,#suit,1
4329,#business,1
4330,#bestoftheday,1
4331,#shoes,1
4332,#hairstyle,2
4333,#mask,1
4334,#고딕지구야경투어,1
4335,#Spain,1
4336,#Barcelona,1
4337,#캐리어,1
4338,#캐리어추천,1
4339,#여행가방,1
4340,#여행가방추천,1
4341,#수하물캐리어,1
4342,#기내용캐리어,1
4343,#유니크,1
4344,#오그램캐리어,1
4345,#해운대카페,1
4346,#센텀시티,1
4347,#센텀시티카페,1
4348,#부산핫플,3
4349,#화이트샌듄,1
4350,#모녀여행,2
4351,#판티엣,1
4352,#상해호텔,1
4353,#맛점,3
4354,#shanghaitrip,1
4355,#shanghaihotel,1
4356,#bellagioshanghai,1
4357,#rest,1
4358,#20191222,2
4359,#휴가끝,1
4360,#혼여,3
4361,#먹여행,1
4362,#3박4일여행,1
4363,#이비,1
4364,#봄에만나요,1
4365,#그땐그땐그땐,1
4366,#넷이서,1
4367,#sleep,1
4368,#먹방샷,2
4369,#푸드,2
4370,#굿,4
4371,#혼여족,2
4372,#나혼자간다,2
4373,#런던,2
4374,#london,2
4375,#연말휴식겸,1
4376,#신년맞이,1
4377,#따뜻하나라로,1
4378,#휴식같은여행,1
4379,#2019안녕겨울,1
4380,#즐거운추억,1
4381,#이제집에가자,1
4382,#뒷풀이고고,1
4383,#인생사진,1
4384,#선상레스토랑,1
4385,#하나투어,2
4386,#mk,1
4387,#맴매,1
4388,#beach,3
4389,#이벤트,3
4390,#머리카락휘날리며,1
4391,#표정무엇,1
4392,#저희,1
4393,#안티,1
4394,#세요,1
4395,#훈남,3
4396,#followforfollow,1
4397,#followforlike,1
4398,#언니,1
4399,#함덕,2
4400,#환영,1
4401,#고등학생,1
4402,#언니한테달려오려다가,1
4403,#꽁이한테막힘,1
4404,#닭띠맘,1
4405,#닭띠아들,1
4406,#젊줌마,1
4407,#닭띠아기,2
4408,#iphone,2
4409,#부자,1
4410,#dream,1
4411,#cometrue,1
4412,#컨셉사진,1
4413,#복근,1
4414,#새별오름나홀로나무,2
4415,#너무,1
4416,#춥다,1
4417,#장갑,1
4418,#사올껄,1
4419,#헤난리조트,1
4420,#추억소환,2
4421,#서울나들이,1
4422,#어딘가에서,1
4423,#정상적인사진,1
4424,#눈떴다,1
4425,#피곤모드,1
4426,#정신력,1
4427,#절친,1
4428,#중딩친구,1
4429,#모닝샷,1
4430,#역시나,1
4431,#뭘해도,1
4432,#신난애들,1
4433,#육아여행,1
4434,#키즈패션,1
4435,#소노빌리지,1
4436,#7살딸,1
4437,#4살딸,1
4438,#크리스마스여행,11
4439,#힐튼경주,1
4440,#호텔수영장,1
4441,#블랑로쉐,1
4442,#한라봉차,1
4443,#아메리카노,1
4444,#제주녹차티라미수,1
4445,#녹차티라미수,1
4446,#티라미수,1
4447,#우도카페,1
4448,#blancrocher,1
4449,#tea,1
4450,#americano,1
4451,#tiramisu,1
4452,#cake,1
4453,#고데레,1
4454,#honthom,1
4455,#honthomnaturepark,1
4456,#푸꿕,1
4457,#혼똠섬,1
4458,#인스타굿,1
4459,#italyfood,1
4460,#praha,1
4461,#eatclean,1
4462,#현지인맛집,1
4463,#타글리아텔레,1
4464,#최애파스타,1
4465,#지팔제주,1
4466,#너나잘해,1
4467,#비행기공포증,1
4468,#또시작하겠네,1
4469,#또시작,1
4470,#여권갱신,1
4471,#벌써10년,1
4472,#증명사진,1
4473,#여권사진,1
4474,#우엑,1
4475,#friday,3
4476,#클랭블루,1
4477,#반사테러,2
4478,#바닥에누워서찍은사진,1
4479,#나날이발전했던사진실력,1
4480,#바투볼롱,1
4481,#서퍼,1
4482,#서퍼부부,1
4483,#행복한날,1
4484,#고마워요,1
4485,#서핑하며살아요,1
4486,#배경이다했네,1
4487,#설악해변,1
4488,#아이서프,1
4489,#부부일상,1
4490,#발리2달살기,1
4491,#balilife,1
4492,#canggu,1
4493,#surftrip,1
4494,#batubolong,1
4495,#꽃예지여행,3
4496,#꽃예지네3번째여행,3
4497,#꽃예지가족,3
4498,#뽀블리여행,3
4499,#뽀블리하이난,3
4500,#여름크리스마스,3
4501,#싼야여행,3
4502,#하이난,3
4503,#하이난여행,3
4504,#임예지사랑해,3
4505,#딸이랑여행,3
4506,#아기랑하이난,3
4507,#14개월아기랑여행,3
4508,#다이어리,2
4509,#엽서,1
4510,#문구스타그램,1
4511,#다꾸,1
4512,#필카,2
4513,#문구,1
4514,#카드,1
4515,#스티커,1
4516,#떡메,1
4517,#sky,1
4518,#내꿈은세계정복,1
4519,#간월재,1
4520,#영남알프스,1
4521,#간월재억새,1
4522,#일교차패딩,1
4523,#뽈뽈모니카,1
4524,#이스틴그랜드사톤,1
4525,#방콕호텔,2
4526,#andywarhol,1
4527,#thebroad,1
4528,#포토존,1
4529,#aesthetic,1
4530,#coregraphy,1
4531,#culture,1
4532,#artistic,1
4533,#architecturephotography,1
4534,#abstract,1
4535,#sony,1
4536,#베네치아,2
4537,#마산,2
4538,#건대,2
4539,#필름감성,1
4540,#사진에미치다,1
4541,#pixel,2
4542,#취미사진,1
4543,#미러리스,1
4544,#18mm,1
4545,#50mm,1
4546,#portraits,2
4547,#portraiture,1
4548,#expofilm3k,1
4549,#portraitstyles,1
4550,#한큐백화점,1
4551,#유후인,1
4552,#후쿠오카타워,2
4553,#인스타픽,1
4554,#기승전골,1
4555,#히랄다,1
4556,#대성당,1
4557,#웅장함,1
4558,#97,2
4559,#스물셋,1
4560,#강원도홍천,1
4561,#인제자작나무숲,1
4562,#인제여행,1
4563,#페페투어,1
4564,#여행에미친페페,1
4565,#얼음국,1
4566,#icelandic,1
4567,#icelandtrip,1
4568,#아퀴레이리,1
4569,#akureyri,1
4570,#오로라,1
4571,#northernlights,1
4572,#aurora,1
4573,#니콘,2
4574,#d750,1
4575,#베리웰컴,2
4576,#벨벳뷔스티에플리츠,1
4577,#벨벳플리츠,1
4578,#예비맘,1
4579,#임산부소통,2
4580,#팝업,1
4581,#팝업스토어,1
4582,#점줆마,1
4583,#초보맘,1
4584,#예비쥐띠맘,1
4585,#임산부그램,1
4586,#벨벳,1
4587,#상지,1
4588,#충장로,2
4589,#등반,1
4590,#짬뽕에취한날,1
4591,#갈비짬뽕,1
4592,#여수크루즈,1
4593,#이사부크루즈,1
4594,#cruise,1
4595,#야경불꽃크루즈,1
4596,#선상불꽃놀이,1
4597,#불꽃놀이후공연,1
4598,#야경스타그램,4
4599,#여수즐길거리,1
4600,#사진속낭만포차거리,1
4601,#여수여행코스추천,1
4602,#또타고싶다,1
4603,#배에서는,1
4604,#아픈것도잊었다는,1
4605,#돈이아깝지않음,1
4606,#pigs,1
4607,#mipigcafe,1
4608,#cute,1
4609,#animals,1
4610,#도교,1
4611,#돼지,2
4612,#대포항맛집,1
4613,#순간이행복하다,1
4614,#익숙함에속아소중함을잃지말자,1
4615,#카페6,1
4616,#01,1
4617,#거제도,5
4618,#중국집,1
4619,#짜장,1
4620,#짬뽕,1
4621,#아기수영장,1
4622,#스노우볼,1
4623,#로마스노우볼,1
4624,#roma,1
4625,#colosseo,1
4626,#fontanaditrevi,1
4627,#sanpietro,1
4628,#trinitadeimonti,1
4629,#snowball,1
4630,#기념품,1
4631,#성수동카페,2
4632,#성수연방,1
4633,#성수카페,1
4634,#성수동카페투어,1
4635,#JxY,2
4636,#YumiMeikiWanders,1
4637,#YumiMeikiKorea,1
4638,#YumiMeikiSeoul,1
4639,#SeoulYumi,1
4640,#Korea,1
4641,#Seoul,1
4642,#Travel,1
4643,#Wanderlust,1
4644,#Travelgram,1
4645,#그냥해,1
4646,#그리스여행,1
4647,#igmy,1
4648,#travelfashion,1
4649,#iseoulu,1
4650,#SonyForHer,1
4651,#A6000,1
4652,#YumiMcafehops,1
4653,#YumiSeoulCafe,1
4654,#OneinAMillionCafe,1
4655,#수성못빛예술제,1
4656,#장관,1
4657,#커플들망해라,1
4658,#대구스타벅스,1
4659,#스타벅스수성못,1
4660,#아이스카페라떼,1
4661,#얼죽아,1
4662,#191225,3
4663,#흥정필수,2
4664,#패스트고,1
4665,#hoianoldtown,1
4666,#hoiantrip,1
4667,#hoianvietnam,1
4668,#호이안리조트,1
4669,#호이안숙소,1
4670,#호이안호텔,1
4671,#호이안신축리조트,1
4672,#worldtraveler,2
4673,#merlionpark,1
4674,#marinabaysands,1
4675,#onefullerton,1
4676,#Singapore,1
4677,#germany,2
4678,#ramsau,1
4679,#church,1
4680,#디스커버리4,1
4681,#discovery4,1
4682,#car,1
4683,#carporn,1
4684,#instacat,1
4685,#cats,1
4686,#catsagram,1
4687,#health,1
4688,#landrover,1
4689,#catsofinstagram,1
4690,#냥스타그램,1
4691,#고양이,1
4692,#자동차,1
4693,#솔크,1
4694,#솔로,1
4695,#온돌,1
4696,#비데없음,1
4697,#만화,1
4698,#취침,1
4699,#기절,1
4700,#라마다호텔,1
4701,#은파호수공원,1
4702,#못먹음,1
4703,#롤,1
4704,#호캉스추천,1
4705,#롯데수원,1
4706,#푸드코트,1
4707,#풍원장,1
4708,#미역국정찬,1
4709,#소고기미역국,1
4710,#보들미역,1
4711,#ㅎㄷㄷ,1
4712,#한그릇,1
4713,#뚝딱,1
4714,#혼밥스타그램,1
4715,#엘레이,1
4716,#womenfashion,1
4717,#cali,1
4718,#라스베가스,3
4719,#lasvegas,3
4720,#vegasnightlife,1
4721,#vegasstrip,1
4722,#베가스,1
4723,#소설직지,1
4724,#직지,1
4725,#직지코드,1
4726,#나트랑리비에라리조트,1
4727,#리비에라리조트,1
4728,#나트랑리비에라,1
4729,#나트랑리조트추천,1
4730,#베트남나트랑,1
4731,#natrang,1
4732,#riviera,1
4733,#natrangriviera,1
4734,#지난그램,1
4735,#니오라여행,1
4736,#우리는,1
4737,#배달의민족,1
4738,#돈방림,1
4739,#손글씨,1
4740,#드로잉,1
4741,#손그림,1
4742,#marche,1
4743,#디즈니성,1
4744,#disneyland,2
4745,#thebiggest,1
4746,#disneycastle,1
4747,#picturedbyme,1
4748,#멜버른,1
4749,#우붓,1
4750,#스미냑,1
4751,#꾸따,1
4752,#렘푸양사원,1
4753,#발리스윙,1
4754,#발리동부투어,1
4755,#101,1
4756,#이브,1
4757,#좋반사,1
4758,#맞팔은댓,2
4759,#여행추억,2
4760,#trippin,2
4761,#trippics,2
4762,#tripping,2
4763,#여행5일차,1
4764,#disneylandcalifornia,1
4765,#disneyadventures,1
4766,#애너하임,2
4767,#anaheim,2
4768,#happyholidays,2
4769,#미국서부여행,1
4770,#미국일상,1
4771,#산호세라이프,1
4772,#캘리라이프,1
4773,#줌스타그램,1
4774,#강아지스타그램,1
4775,#댓글환영,1
4776,#강아지그램,1
4777,#탐방,1
4778,#2020년도화팅,1
4779,#거울셀카,1
4780,#거셀,1
4781,#거울샷,2
4782,#lhongtoucafe,1
4783,#lotteworld,1
4784,#롯데월드,1
4785,#롯데월드할로윈,1
4786,#교복,1
4787,#교복스타그램,1
4788,#교복데이트,1
4789,#롯데월드교복,1
4790,#군산횟집,2
4791,#청주횟집,2
4792,#군산맛집,4
4793,#군산수산물회센터,2
4794,#군산맛집추천,2
4795,#존맛,2
4796,#군산횟집추천,2
4797,#군산존맛,2
4798,#군산청주횟집,2
4799,#군산맛있는집,2
4800,#군산,2
4801,#물회맛집,2
4802,#군산여행,2
4803,#맛집먹방,2
4804,#군산입소문난집,2
4805,#오래된집,2
4806,#jdc면세점,1
4807,#집을비웠더니,1
4808,#냉동실됐어,1
4809,#여수하늘,1
4810,#전남여행,1
4811,#전남,1
4812,#나주,1
4813,#목포,2
4814,#신혼,2
4815,#la,2
4816,#제주도맛집추천,1
4817,#애월맛집,1
4818,#딱새우,1
4819,#제주도핫플레이스,1
4820,#제주도여행코스,1
4821,#20191226목요일,2
4822,#343일지아,1
4823,#11개월아기,1
4824,#1세아기,1
4825,#우리집둘째,1
4826,#거제도여행중,2
4827,#버드앤피쉬체험장,2
4828,#관심없는딸,1
4829,#시크한따님,1
4830,#주스나마시자,1
4831,#너는누구냐,1
4832,#앵무새,1
4833,#뱀,1
4834,#웃어봐좀,1
4835,#그래도이뻐,1
4836,#사랑스러워,1
4837,#딸둘맘그램,1
4838,#시드니대학교,1
4839,#날씨좋다,5
4840,#코코넛스무디커피,1
4841,#호불호초이스,1
4842,#꾸르잼,1
4843,#안압지,2
4844,#동궁과월지야경,2
4845,#최고다최고,1
4846,#아름다운밤,1
4847,#밀라노,4
4848,#현실부정,1
4849,#다음여행계획중,1
4850,#첫해외여행,1
4851,#빈펄사파리,1
4852,#관광지,1
4853,#푸꾸옥관광지,1
4854,#즐거움,1
4855,#사귀포맛집,1
4856,#제주향토음식,1
4857,#가람돌솥밥,1
4858,#전복성게돌솥밥,1
4859,#돌솥밥,1
4860,#마가린,1
4861,#누룽지,1
4862,#밥도둑,1
4863,#먹방여행,2
4864,#빅토리아,1
4865,#래브라도리트리버,1
4866,#골든리트리버,1
4867,#마음,1
4868,#리트리버사랑,1
4869,#리트리버마음,1
4870,#리트리버스타그램,1
4871,#리트리버는사랑입니다,1
4872,#대형견,4
4873,#인절미,1
4874,#백패커,2
4875,#백패킹스타그램,1
4876,#흑커피,1
4877,#백커피,1
4878,#강릉카페추천,1
4879,#초당,1
4880,#아들머리올리기,1
4881,#골스타그램,1
4882,#명랑골프,1
4883,#채원,1
4884,#전복해물뚝배기,1
4885,#멍게비빔밥,1
4886,#고고,3
4887,#holland,3
4888,#rijkmuseum,2
4889,#풍차국,3
4890,#베르메르,1
4891,#렘브란트,2
4892,#도치돌목장,1
4893,#알파카목장,1
4894,#초딩방학,1
4895,#초딩스타그램,1
4896,#alpaca,1
4897,#intothecream,1
4898,#일정,1
4899,#newyears,1
4900,#잠시만요,1
4901,#benchmarking,1
4902,#걸어보고서,1
4903,#건대마카롱,1
4904,#광장동마카롱,1
4905,#아차산마카롱,1
4906,#암사동마카롱,1
4907,#구리마카롱,1
4908,#뚱카롱,1
4909,#마카롱투어,1
4910,#마카롱그램,1
4911,#livefolk,1
4912,#exploremore,1
4913,#visualsoflife,1
4914,#pursuepretty,1
4915,#greenery,1
4916,#interiors,1
4917,#minimalism,1
4918,#식물,1
4919,#페친,1
4920,#인기게시물,1
4921,#최근게시물반사,1
4922,#가평여행,2
4923,#일어스타그램,1
4924,#ulzzanggay,1
4925,#gay,1
4926,#boy,1
4927,#가오나시2탄3탄올려야징,1
4928,#케세이퍼시픽,1
4929,#markrothko,1
4930,#뿌리깊은나무박물관,1
4931,#뿌리깊은나무,1
4932,#샘이깊은물,1
4933,#순천가볼만한곳,1
4934,#순천이좋다,1
4935,#순천여행지,1
4936,#순천관광지,1
4937,#여행을떠나다,1
4938,#여행을일상처럼,1
4939,#박물관,1
4940,#박물관스타그램,1
4941,#박물관이좋다,1
4942,#남도여행,1
4943,#남도가좋다,1
4944,#남도가볼만한곳,1
4945,#남도여행지,1
4946,#남도관광지,1
4947,#순천관광,1
4948,#순천여행코스,1
4949,#남도여행코스,1
4950,#한창기,1
4951,#순천박물관,1
4952,#설치장소,1
4953,#앵글,1
4954,#전문,1
4955,#을지앵글,1
4956,#인싸템,3
4957,#가구스타그램,1
4958,#멋져요,1
4959,#사무실인테리어,1
4960,#인테리어디자인,1
4961,#진열장,1
4962,#진열장제작,1
4963,#맛집인정,1
4964,#모자,1
4965,#모자추천,1
4966,#예쁜모자,2
4967,#모자스타그램,1
4968,#여행모자,1
4969,#페도라,1
4970,#여름여행,2
4971,#바캉스,1
4972,#켈리포니아,1
4973,#서면모자,1
4974,#플레이,1
4975,#패션모자,1
4976,#포르쉐,1
4977,#두짓타니막탄세부,1
4978,#집에가자,1
4979,#19개월아기,1
4980,#오랜친구같은곳,1
4981,#오랜지,1
4982,#부산에서의기억,1
4983,#기억저장,1
4984,#성수기에작업이라니,1
4985,#이게왠말,1
4986,#화이팅하자,1
4987,#부산게스트하우스파티,1
4988,#내일로여행,1
4989,#부산여행추천,1
4990,#부산오렌지게스트하우스,1
4991,#부산역오렌지게스트하우스,1
4992,#수변공원,1
4993,#게스트하우스파티,1
4994,#부산파티게스트하우스,1
4995,#부산게스트하우스,1
4996,#짐싸기,1
4997,#연말여행준비중,1
4998,#4박5일,1
4999,#놀라지마,1
5000,#아직,1
5001,#잡동산도,1
5002,#다,2
5003,#하루라도,1
5004,#그래도신난다그램,1
5005,#세화해변,1
5006,#월정리해변,1
5007,#세화,1
5008,#월정리,1
5009,#김녕해수욕장,1
5010,#세화카페,1
5011,#월정리카페,1
5012,#dailystagram,1
5013,#맞팔100,3
5014,#분위기맛집,3
5015,#좋반환영,4
5016,#오늘뭐먹지,3
5017,#홍마오청,1
5018,#타이페이여행,1
5019,#하이연여행,1
5020,#라라크루,1
5021,#lalacrew,1
5022,#밍크,1
5023,#페이크퍼,1
5024,#인조모피,1
5025,#동물복지,1
5026,#집사스타그램,1
5027,#해돋이,2
5028,#울산맛집,2
5029,#해운대맛집,1
5030,#인천맛집,1
5031,#그랜져,1
5032,#K5,1
5033,#아반떼,1
5034,#k7,1
5035,#mini,1
5036,#세인트존스경포호텔,1
5037,#배경,1
5038,#은지는,1
5039,#더예쁨,1
5040,#paragon,1
5041,#gold,1
5042,#decoration,1
5043,#bling,1
5044,#instagrammer,1
5045,#selfcamera,2
5046,#selfstagram,1
5047,#instalife,2
5048,#instagirl,1
5049,#justgoodvibes,1
5050,#jalisco,1
5051,#taquerialosalte,1
5052,#losalte,1
5053,#할리스코,1
5054,#로스알테뇨스,1
5055,#전주한옥마을,1
5056,#비오는날,2
5057,#우산러버,1
5058,#추워진날씨,1
5059,#콧물질질,1
5060,#2019년안녕,1
5061,#2020년준비,1
5062,#광고언팔,1
5063,#이번엔,1
5064,#자오시,1
5065,#싱어송라이터,1
5066,#바리스타트레이너,1
5067,#waiaobeach,1
5068,#와이오아해변,1
5069,#자유시간,1
5070,#더나카,1
5071,#Thenaka,1
5072,#너무좋아,1
5073,#사진이다,1
5074,#A컷,1
5075,#진주가루,1
5076,#오일,1
5077,#맛사지,1
5078,#타이맛사지,1
5079,#아파요,1
5080,#바오바오,1
5081,#눈오는날,1
5082,#영실코스,1
5083,#윗세오름대피소,1
5084,#엄마랑아린이랑,1
5085,#아빠랑하온이랑,1
5086,#세부다이빙,1
5087,#세부스킨스쿠버,1
5088,#세부호핑,1
5089,#지유여행,1
5090,#스킨스쿠버,1
5091,#호핑,1
5092,#뉴그랑블루,1
5093,#더마크리조트,1
5094,#더마크크루즈,1
5095,#카바나레스토랑,1
5096,#노보정,1
5097,#노필터,2
5098,#째패투어,1
5099,#이번달,1
5100,#무료개방,1
5101,#led풍선,1
5102,#너무예뻐,1
5103,#예쁜데비싸,1
5104,#카페곳,1
5105,#쭌찐의일상,1
5106,#일기,1
5107,#데이트그램,2
5108,#커플아이템,1
5109,#주말데이트,1
5110,#커플데이트,1
5111,#안녕2019,1
5112,#londoneye,1
5113,#milano,2
5114,#milan,2
5115,#메이크,1
5116,#머리,1
5117,#머리스타일,1
5118,#해아,1
5119,#하늘색,1
5120,#헹복,1
5121,#목방,1
5122,#blue,1
5123,#nail,1
5124,#2019년12월27일,1
5125,#평창여행,1
5126,#고속도로위,1
5127,#안전운전,1
5128,#사진맛집,3
5129,#추워도젤라또,1
5130,#젤라또찾는백곰ver,1
5131,#베끼오다리,1
5132,#두오모,1
5133,#두오모성당,1
5134,#triple,1
5135,#vecchio,1
5136,#duomo,1
5137,#duomofirenze,1
5138,#카타르,1
5139,#카타르국립도서관,1
5140,#쏘봉카타르,1
5141,#쏘율모녀,1
5142,#카타르여행,1
5143,#도하여행,1
5144,#모녀스타그램,1
5145,#soboninqatar,1
5146,#soyuri,1
5147,#momanddaughter,1
5148,#doha,1
5149,#qatar,1
5150,#이쁜투샷,1
5151,#절친그램,1
5152,#여사친,1
5153,#남매인가,1
5154,#애증의관계,1
5155,#잘논다그램,1
5156,#제이파크,2
5157,#애들천국,1
5158,#아가일상,1
5159,#아들내미,1
5160,#딸내미,1
5161,#naksanpark,1
5162,#폴더,1
5163,#콘코스,1
5164,#휠라,1
5165,#AD,1
5166,#선물고마워요폴더e,1
5167,#운동녀,1
5168,#운스타그램,1
5169,#몸매,1
5170,#츄,1
5171,#ulzzang,2
5172,#근데오늘운동안갔또,1
5173,#쉐라톤호텔,1
5174,#쉐라톤와이키키,1
5175,#Sheraton,1
5176,#SheratonWaikiki,1
5177,#필젠,1
5178,#카를로비바리,1
5179,#avengersassemble,1
5180,#marvelstudios,1
5181,#marveluniverse,1
5182,#별이다섯개,1
5183,#장수돌침대,1
5184,#yearendtrip,1
5185,#hulkbuster,1
5186,#ironman,1
5187,#푸켓자유여행,1
5188,#파통,1
5189,#파통비치,1
5190,#빠통비치,1
5191,#푸켓리조트최저가,1
5192,#푸켓최저가리조트,1
5193,#파통가성비리조트,1
5194,#우연한여행자,1
5195,#트레블디자인푸켓,1
5196,#알마르리조트,1
5197,#traveldesignphuket,1
5198,#traveldesign,1
5199,#patong,1
5200,#patongbeach,1
5201,#bestrateguarantee,1
5202,#라오스여행,1
5203,#비엔티안,1
5204,#빠뚜사이,1
5205,#laos,1
5206,#vientiane,1
5207,#머리식히는시간,1
5208,#바다구경,1
5209,#누나사진없음,1
5210,#어디갔니,1
5211,#지난주말,1
5212,#시댁,1
5213,#넓은바다에서넓은생각을하길,1
5214,#엄마의꿈,1
5215,#상상가득한너희가되길,1
5216,#인생여행,1
5217,#24,2
5218,#통영핫플,1
5219,#통영호텔,1
5220,#스탠포드호텔앤리조트통영,1
5221,#체크인대기중,1
5222,#통영맛집추천,1
5223,#통영루지,1
5224,#신혼부부그램,1
5225,#snowboard,1
5226,#운동그램,1
5227,#wearecarving,1
5228,#snowboarding,1
5229,#웰리힐리파크,1
5230,#snowboardlife,1
5231,#용평리조트,1
5232,#winteroutfit,1
5233,#휘닉스파크,1
5234,#한식당,1
5235,#몸국맛집,1
5236,#이영자맛집리스트,1
5237,#예고전,1
5238,#이탈리,1
5239,#이태리,2
5240,#겨울유럽,1
5241,#colosseum,1
5242,#뉴질랜드,1
5243,#네이피어,1
5244,#아이스크림,1
5245,#napier,1
5246,#icecream,2
5247,#남자친구랑,1
5248,#파스쿠찌,1
5249,#개춥다,1
5250,#웃을수가없어,1
5251,#너무추워서,1
5252,#사진다망함,1
5253,#흑흑,1
5254,#휴게소핫바,1
5255,#담에또오께,1
5256,#안녕강릉,1
5257,#oioikorea,1
5258,#oioi,1
5259,#FF,1
5260,#tflers,1
5261,#tagforlikes,1
5262,#인친황영,2
5263,#메이크업,1
5264,#좋아요굿,1
5265,#케이팝,1
5266,#춤,1
5267,#댄스타그램,1
5268,#내얼굴,1
5269,#성산유채꽃,1
5270,#갈대,1
5271,#오스모시스,1
5272,#christmasiscoming,1
5273,#예지,1
5274,#indaily,1
5275,#정동진,2
5276,#짬뽕순두부,1
5277,#순두부아이스크림,1
5278,#닭강정,1
5279,#2일차,1
5280,#harbourbridge,1
5281,#속성코스,1
5282,#therocks,1
5283,#pancakesontherocks,1
5284,#pancakes,1
5285,#greeksalad,1
5286,#flatwhite,1
5287,#호주스타그램,1
5288,#울산찜질방,1
5289,#천곡참숯가마,1
5290,#카페탐방,1
5291,#찜질방,1
5292,#찜질방데이트,1
5293,#울산핫플,1
5294,#라보카,1
5295,#부에노스아이레스,1
5296,#남미,2
5297,#소못소랑,1
5298,#결혼기념일,1
5299,#결혼2주년,1
5300,#결혼2주년여행,1
5301,#오랜만에,2
5302,#이지나니,1
5303,#ximending,1
5304,#대만먹거리,1
5305,#시먼딩,1
5306,#시먼홍러우,1
5307,#라호허제야시장,1
5308,#대만야시장먹방,1
5309,#대만먹방,1
5310,#먹방지대로,1
5311,#즐김,1
5312,#shotoniphone,2
5313,#lagranderouedemontreal,1
5314,#수성못,2
5315,#우각정,1
5316,#대구수성못,2
5317,#대구막창,1
5318,#막창,1
5319,#돼지스타그램,1
5320,#한우곰탕,1
5321,#고기만두,1
5322,#다못먹었다,1
5323,#욕심,1
5324,#내가만든,1
5325,#인생모른다말함부로하지말자,1
5326,#나도몰랐다,1
5327,#내가이걸사게될줄은,1
5328,#스노우보드,1
5329,#surfer,1
5330,#surflife,1
5331,#surfsup,1
5332,#surfers,1
5333,#singlefin,1
5334,#wave,1
5335,#surfporn,1
5336,#instasurf,1
5337,#surfphotography,1
5338,#see,1
5339,#ocean,1
5340,#서핑따위그래안접었다치자,1
5341,#근데너무맛있어,1
5342,#싱가포르맛집,1
5343,#점보씨푸드,1
5344,#점보리버워크,1
5345,#jumborestaurant,1
5346,#칠리크랩,1
5347,#시리얼새우,1
5348,#해물볶음밥,1
5349,#은지쓰민박,1
5350,#은지쓰가이드,1
5351,#네덜란드여행,1
5352,#heineken,1
5353,#heinekenexperience,1
5354,#맥주스타그램,1
5355,#netherlands,1
5356,#휴양지만가겠다는남편,1
5357,#고소공포증있는남편,1
5358,#연애땐다해주더니,1
5359,#그래,1
5360,#여행은동성친구와,1
5361,#나도그게더좋긴해,1
5362,#흥,1
5363,#터키여행,1
5364,#힐링중,1
5365,#꽁주부여행,1
5366,#안탈리아,1
5367,#올림푸스케이블카,1
5368,#turky,1
5369,#olympos,1
5370,#penghu,1
5371,#shoo,1
5372,#island,1
5373,#windmill,1
5374,#bluesky,1
5375,#quotes,1
5376,#inspiration,1
5377,#풍차,1
5378,#펑후,1
5379,#우다이푸르,1
5380,#딘타이펑,1
5381,#홍콩여행,1
5382,#여행스타,1
5383,#어디까지가봤니,2
5384,#가을여행,1
5385,#심포니오브라이트,1
5386,#낭만,2
5387,#열정,1
5388,#남친룩,1
5389,#남자코디룩,1
5390,#남자가을코디,1
5391,#남자데일리룩,1
5392,#꽃보다청춘,1
5393,#rembeandt,1
5394,#ktownliving,1
5395,#travelblog,1
5396,#visiting,1
5397,#foodphotography,1
5398,#음식그램,1
5399,#맛있다,1
5400,#예주어디갔셔,1
5401,#어머니,1
5402,#감사해요,1
5403,#내사랑필레미뇽,1
5404,#인스타초보,1
5405,#아,1
5406,#급,1
5407,#셀카투척,1
5408,#셀카질,1
5409,#메리,1
5410,#즐거운,1
5411,#시간,1
5412,#보내세요,1
5413,#happychristmas,1
5414,#nightout,1
5415,#Doorea,1
5416,#서이추,1
5417,#likebackteam,1
5418,#훈스타그램,1
5419,#인플루언서,1
5420,#파티끝,1
5421,#파티시작,1
5422,#2차,1
5423,#숙소에서,1
5424,#던킨도너츠,1
5425,#귀욤들,1
5426,#사등분절단하는데마음아팠오,1
5427,#재미,1
5428,#비발디파크,1
5429,#party,1
5430,#아일랜드투어,1
5431,#코타키나발루패키지,1
5432,#겨울여행추천지,1
5433,#여행사진그램,1
5434,#여행특가상품,1
5435,#여행사,1
5436,#목동여행사,1
5437,#하나투어패키지,1
5438,#하나투어현대백화점,2
5439,#현대백화점목동,1
5440,#현대백화점목동점,1
5441,#현대백화점목동점하나투어,1
5442,#하나비티에스,1
5443,#하나BTS,1
5444,#하나투어현대백화점목동점,1
5445,#목동하나투어,1
5446,#목동현대,1
5447,#하나투어목동점,1
5448,#sushi,1
5449,#japanesefood,1
5450,#관광객모드,1
5451,#신나게놀고,1
5452,#체력방전,1
5453,#늙었다,1
5454,#내일은,1
5455,#go,1
5456,#청춘여행,1
5457,#체험여행,1
5458,#계절여행,1
5459,#촬영여행,1
5460,#김해,1
5461,#김해가야테마파크,1
5462,#김해가볼만한곳,1
5463,#김해체험,1
5464,#김해공연,1
5465,#익스트림바이크,1
5466,#페인터즈,1
5467,#페인터즈가야왕국,1
5468,#gangwondo,1
5469,#ami,1
5470,#jeongdongjin,1
5471,#정동진해변,1
5472,#동해,3
5473,#여자둘,2
5474,#운남성여행,1
5475,#운남성,1
5476,#원난성,1
5477,#여강,1
5478,#옥룡설산,1
5479,#백수하,1
5480,#에메랄드빛,1
5481,#호수,1
5482,#리장여행,1
5483,#부부해외여행,1
5484,#아시아여행,1
5485,#절경,1
5486,#가성비,1
5487,#호도협,1
5488,#차마고도,1
5489,#yunnan,1
5490,#2020년,1
5491,#홀로여행,1
5492,#손안의여행,1
5493,#거제살이,1
5494,#거제오션파크자이,1
5495,#1일차,2
5496,#breakfast,1
5497,#조식스타그램,1
5498,#몽마르뜨언덕,1
5499,#샤크레쾨르성당,1
5500,#kuta,1
5501,#balitrip,1
5502,#restaurant,1
5503,#asianfood,1
5504,#seminyak,1
5505,#yakiniku,1
5506,#여행1탄,1
5507,#날아간피드,1
5508,#대부도펜션,1
5509,#펜션스타그램,1
5510,#인천펜션,1
5511,#y친구들,1
5512,#단체수영복,1
5513,#물총놀이,2
5514,#온수펜션,1
5515,#공동육아,1
5516,#클마스여행,1
5517,#제주도동백꽃,1
5518,#대림창고,1
5519,#건대브런치,1
5520,#건대카페,1
5521,#카페그램,1
5522,#서울카페,1
5523,#스토어팜,1
5524,#울산카페,1
5525,#캐논eosr,1
5526,#여행엔캐논,1
5527,#canoneosr,1
5528,#lovetheworld,1
5529,#yourshotphotographer,1
5530,#guamtrip,1
5531,#삼척,2
5532,#망상해수욕장,2
5533,#외동딸맘,2
5534,#감성일,1
5535,#통영펜션,1
5536,#거제도맛집,1
5537,#거제도펜션,1
5538,#거제도커피숍,1
5539,#맞팔좋아요,1
5540,#streetstyle,2
5541,#self,1
5542,#hypebeast,1
5543,#여행에미침,1
5544,#스트릿패션,1
5545,#유니버셜스튜디오싱가폴,1
5546,#메타세콰이어길,1
5547,#산책로,1
5548,#술집,1
5549,#올드타운,1
5550,#부업,1
5551,#아지트샵미니,1
5552,#아지트샵,1
5553,#투잡,1
5554,#취준생,1
5555,#강남역맛집,1
5556,#강남카페,1
5557,#부업문의,1
5558,#schonbrunnpalace,1
5559,#schonbrunngardens,1
5560,#iphone11pro,1
5561,#rainbow,1
5562,#쇤부른궁전,1
5563,#쇤부른궁전정원,1
5564,#합성동,1
5565,#새벽,1
5566,#프라하여행,1
5567,#프라하스타벅스,1
5568,#빨간지붕,1
5569,#녹카페,1
5570,#녹아들다녹카페,1
5571,#행복한,1
5572,#여정,1
5573,#dia,1
5574,#좋아,1
5575,#반지,2
5576,#디스크링,1
5577,#주얼리그램,2
5578,#디아주얼리,1
5579,#disc,1
5580,#스타일링,2
5581,#jewelry,1
5582,#rings,1
5583,#pink,1
5584,#일상사진,3
5585,#러프,1
5586,#다이아,1
5587,#청,1
5588,#여행다녀왔습니다,1
5589,#pattaya,1
5590,#papabeach,1
5591,#폭풍업로드끝,1
5592,#녹차,1
5593,#녹차밭,1
5594,#환상의나라,1
5595,#에버랜드,1
5596,#산타할아버지,1
5597,#크리스마스축제,1
5598,#신밧드케밥,2
5599,#muine,1
5600,#냐쨩,1
5601,#빈펄랜드,1
5602,#빈펄베이리조트,1
5603,#홍천여행,1
5604,#유리트리트풀빌라,1
5605,#비발디파크스키장,1
5606,#레이나호텔,1
5607,#남양주여행,1
5608,#김삿갓밥집,1
5609,#마트쇼핑,1
5610,#단골될기세,1
5611,#델리,1
5612,#portraitphotography,1
5613,#blackandwhite,1
5614,#monochrome,1
5615,#nikonphotography,2
5616,#전주아원고택,1
5617,#포토존카페,1
5618,#포항풍선이야기,1
5619,#풍선이야기,1
5620,#포항헬륨풍선,1
5621,#포항웨딩카장식,1
5622,#포항프로포즈,1
5623,#포항풍선,1
5624,#포항풍선장식,1
5625,#포항생일파티,1
5626,#포항파티용품,1
5627,#포항이니셜풍선,1
5628,#포항토퍼,1
5629,#포항레터링풍선,1
5630,#포항토퍼제작,1
5631,#포항커스텀풍선,1
5632,#생일파티,1
5633,#포항맘육아맘,1
5634,#기념일풍선,1
5635,#생일풍선,1
5636,#첫돌,2
5637,#셀프웨딩,1
5638,#브라이덜샤워,1
5639,#용돈풍선,1
5640,#100일풍선,1
5641,#맘소통,1
5642,#강릉바다,1
5643,#강릉여행코스,1
5644,#경포대,1
5645,#likes,1
5646,#하갱inLONDON,1
5647,#하갱맛집,1
5648,#sketch,1
5649,#sketchlondon,1
5650,#foodgasm,1
5651,#영국,1
5652,#런던먹방,1
5653,#돈가스집,1
5654,#냥냥아,1
5655,#덤벼라,1
5656,#괌만삭사진,1
5657,#괌만삭촬영,1
5658,#셀프만삭촬영,1
5659,#하뚜여행,1
5660,#민산부,1
5661,#갤럭시노트10,1
5662,#selfiee,1
5663,#사진뒤죽박죽,1
5664,#나홀로나무,1
5665,#주주부부,1
5666,#스카이베이,1
5667,#경포,1
5668,#20191219,1
5669,#이비집,1
5670,#뱅기,1
5671,#2코스,1
5672,#급뚜벅이여행,1
5673,#목포여행,2
5674,#목포데이트,1
5675,#길냥이,1
5676,#개냥이들,1
5677,#어른이일기,1
5678,#가족나들이,1
5679,#바다를담다,1
5680,#오붓하게,1
5681,#se클럽풀빌라,2
5682,#샤넬,1
5683,#chanel,1
5684,#GUAM,1
5685,#제주도펜션,1
5686,#제주도여행중,1
5687,#제주도여행지,1
5688,#제주도그램,1
5689,#제주펜션,1
5690,#제주여행지,1
5691,#제주그램,1
5692,#솔트,1
5693,#솔트애월,1
5694,#감성펜션,1
5695,#오션뷰숙소,1
5696,#식단,2
5697,#식단공개,1
5698,#조깅,1
5699,#요가,1
5700,#명상,1
5701,#요가스타그램,1
5702,#저탄고지,1
5703,#식단일기,1
5704,#먹스태그램,1
5705,#마크제이콥스,1
5706,#날씨요정,1
5707,#감사합니다,2
5708,#포동이,1
5709,#신논현,1
5710,#논현,1
5711,#머리하는남자,1
5712,#여자머리스타일,1
5713,#남자머리,1
5714,#여자머리,1
5715,#강남미용실,1
5716,#신논현미용실,1
5717,#haircolor,1
5718,#hairtrend,1
5719,#chophair,1
5720,#chop,1
5721,#셀카맛집,1
5722,#셀피스타그램,1
5723,#인셀덤,1
5724,#세계일주,1
5725,#중미여행,1
5726,#여행블로그,1
5727,#혼여행,1
5728,#핑크라군,1
5729,#핑크호수,1
5730,#여자데일리룩,1
5731,#iphonography,1
5732,#코덕,1
5733,#미용,1
5734,#배로돌려주는,1
5735,#근데왜저렇게,1
5736,#대관령여행,1
5737,#양떼목장,1
5738,#달달한사진,1
5739,#한강자전거타기,1
5740,#사랑하는아들딸,1
5741,#nikon,2
5742,#d4,1
5743,#이사엔,1
5744,#24n,1
5745,#동탄,1
5746,#일반인모델,1
5747,#화보,1
5748,#더이뎀,1
5749,#이뎀아뜰리에,1
5750,#별반지,1
5751,#애끼반지,1
5752,#반지선물,1
5753,#선물추천,1
5754,#핑크골드,1
5755,#반지맛집,1
5756,#레이어드반지,1
5757,#쥬얼리,1
5758,#직딩그램,1
5759,#데일리반지,1
5760,#데일리룩코디,1
5761,#주얼리디자인,1
5762,#주얼리맛집,1
5763,#코디추천,1
5764,#arashiyama,1
5765,#쿄토,1
5766,#레인포레스트,1
5767,#나트랑카페,1
5768,#나쨩,1
5769,#rainforest,1
5770,#nhatrangcity,1
5771,#돌솥비빔밥,1
5772,#김치찌개,1
5773,#carol미국여행,1
5774,#캐년투어,1
5775,#투데이,1
5776,#일상스타,1
5777,#할미손맛,1
5778,#핵꿀맛,1
5779,#look,1
5780,#머먹지,1
5781,#맛나요,1
5782,#han,1
5783,#이탈리아대신전해드립니다,1
5784,#아말피,1
5785,#amalfi,1
5786,#amalficoast,1
5787,#awesome,2
5788,#note10plus,1
5789,#일상을여행처럼,1
5790,#photogram,1
5791,#여행을떠나는이유,1
5792,#새해일출,1
5793,#해돋이명소,1
5794,#영덕,1
5795,#해맞이공원,1
5796,#영덕대게,1
5797,#포항카페,1
5798,#포항뷰카페,1
5799,#칠포해수욕장,1
5800,#칠포그린로즈야영장,1
5801,#nanmyinttower,1
5802,#bagan,1
5803,#myanmar,1
5804,#hotairballoon,1
5805,#남민타워,1
5806,#바간,1
5807,#미얀마,1
5808,#열기구,1
5809,#비왔어,1
5810,#amazing,1
5811,#1000일,1
5812,#두둥,1
5813,#얄루,1
5814,#에펠탑,1
5815,#라파예트전망대,1
5816,#라파예트백화점,1
5817,#숲속카페,1
5818,#forestbake,1
5819,#1일2카페,1
5820,#Korean,1
5821,#newyorker,1
5822,#luxury,1
5823,#contemporary,1
5824,#sartorial,1
5825,#beverlyhills,1
5826,#야경명소,1
5827,#instakids,1
5828,#비자연장,2
5829,#팜서프,1
5830,#서프트립,1
5831,#서핑트립,1
5832,#서핑여행,1
5833,#숏보드,1
5834,#스리랑카,1
5835,#스리랑카서핑,1
5836,#팜스리랑카,1
5837,#양양서핑,1
5838,#콜롬보,1
5839,#스리랑카여행,1
5840,#스리랑카비자,1
5841,#압구정,2
5842,#동명동,4
5843,#동명동카페,1
5844,#양림동카페,1
5845,#나주카페,1
5846,#기장카페,1
5847,#리그램,1
5848,#친구소환,2
5849,#더스토리리조트,1
5850,#보홀호텔,1
5851,#보홀리조트,1
5852,#예쁜리조트,1
5853,#보홀투어,1
5854,#세부투어,1
5855,#이벤트그램,1
5856,#공유이벤트,1
5857,#thestoryresort,1
5858,#boholresort,1
5859,#boholtour,1
5860,#boholphilippines,1
5861,#bohol,2
5862,#여행맛집,1
5863,#인생맛집,1
5864,#부산맛집명성오리불고기,1
5865,#부산맛집베스트,1
5866,#부산관광,1
5867,#부산여행코스,1
5868,#부산고기집,1
5869,#부산먹거리,1
5870,#햇살,1
5871,#랍스타,1
5872,#양고기,1
5873,#파스타,1
5874,#맛있어,1
5875,#아빠랑아들,1
5876,#thebay101,1
5877,#제이블로썸플라워,2
5878,#광주플라워샵,1
5879,#광주꽃집,2
5880,#봉선동,2
5881,#진월동,2
5882,#주월동,1
5883,#행암동,2
5884,#효천지구,1
5885,#용산지구,1
5886,#풍암동,2
5887,#수완동,1
5888,#노대동,1
5889,#양림동,2
5890,#학동,2
5891,#제이블로썸,2
5892,#sdct팀,1
5893,#중식,1
5894,#pekingduck,1
5895,#PEK,1
5896,#lax,1
5897,#한국풍경,1
5898,#감동,1
5899,#자연의선물,1
5900,#present,1
5901,#제주동백수목원,1
5902,#동박낭,1
5903,#돌고래투어,1
5904,#신사,1
5905,#빛축제,1
5906,#중딩친구들과,1
5907,#5년지기,1
5908,#9년지기,1
5909,#좋반해요,1
5910,#기장바릇식당,2
5911,#부산꼬막맛집,1
5912,#부산꼬막비빔밥,1
5913,#부산육전,1
5914,#부산꼬막육전대판,1
5915,#부산바릇식당,1
5916,#기장맛집,1
5917,#기장꼬막맛집,1
5918,#기장꼬막비빔밥,1
5919,#기장육전,1
5920,#바릇식당,1
5921,#기장핫플,1
5922,#가족,1
5923,#육아기록,1
5924,#소렌토,1
5925,#1619일지유,1
5926,#5세여자아이,1
5927,#53개월아기,1
5928,#우리집첫째,1
5929,#비오는날가기좋은곳,1
5930,#이쁘니,1
5931,#사랑둥이,1
5932,#동물을사랑하는아이,1
5933,#뱀도무섭지않아요,1
5934,#기니피그밥주기,1
5935,#햄스터쓰담쓰담,1
5936,#앵무새랑교감중,1
5937,#토끼밥도줌,1
5938,#모든체험클리어,1
5939,#찍사는이모,1
5940,#guanajuato,2
5941,#멕시코과나후아토,1
5942,#주문진해변,1
5943,#가는내내,1
5944,#봄날,1
5945,#만나러갈게,1
5946,#유나이티드항공,1
5947,#역대급지연,1
5948,#친절한경유지설명,1
5949,#잘될거야,1
5950,#블루보틀못먹는다고안죽어,1
5951,#기다려페루,1
5952,#리마까지43시간,1
5953,#한달여행,2
5954,#퇴사후남미,1
5955,#0일차,1
5956,#buschgardens,1
5957,#여행가이드북,1
5958,#지금뉴욕,1
5959,#지금시리즈,1
5960,#해피새아,1
5961,#윌스트리트,1
5962,#뉴욕의매력,1
5963,#출판사이벤트,1
5964,#model,1
5965,#koreanmodel,1
5966,#hkmodel,1
5967,#beauty,1
5968,#그사세,1
5969,#극한직업울하리,1
5970,#EunsaemgoesAnywhere,1
5971,#얼그레이,1
5972,#레몬치즈케이크,1
5973,#머드스파,1
5974,#아미아나리조트,1
5975,#딸그램,1
5976,#우리셋,1
5977,#행복합시다,1
5978,#피에르에르메카페,1
5979,#모르페우스호텔,2
5980,#피토메르올리고포스세럼,1
5981,#컬러풀dna,1
5982,#캐시미어루즈핏니트,1
5983,#캐시미어지블링머플러,1
5984,#구매는프로필링크컬러풀dna,2
5985,#마카오맛집,2
5986,#모르페우스,1
5987,#알랭뒤카스레스토랑,1
5988,#회국수,1
5989,#회양과국수군,1
5990,#우도맛집,1
5991,#noodles,2
5992,#조호바루,1
5993,#영어캠프,1
5994,#준비,1
5995,#설레임,1
5996,#여행시작,1
5997,#떠나요,1
5998,#연돈,1
5999,#쥬의근황,1
6000,#아기지유,1
6001,#예쁜내딸,1
6002,#세번째가족여행,1
6003,#1094일아기,1
6004,#35갤,1
6005,#그랜드센트럴마켓,1
6006,#에그슬럿,1
6007,#eggslut,1
6008,#아이고죽겠네,1
6009,#블루보틀,1
6010,#세번째생일,1
6011,#트리스트,1
6012,#먹고,2
6013,#또먹고,1
6014,#세번째,1
6015,#대성공,1
6016,#다음은,1
6017,#어디갈까,1
6018,#이번,1
6019,#컨셉은,1
6020,#화이트,1
6021,#원투앤티,1
6022,#분위기깡패,1
6023,#thedatai,1
6024,#langkawi,1
6025,#bay,1
6026,#mywife,1
6027,#mylove,1
6028,#아내,1
6029,#랑카위,1
6030,#타르타르,1
6031,#어니언스프,1
6032,#샴페인,1
6033,#술도녀,1
6034,#champagne,1
6035,#파리갬성,1
6036,#streetart,1
6037,#혼술,1
6038,#참이슬후레쉬,1
6039,#적셔,1
6040,#뼈대있는돼지집,1
6041,#숙성돼지고기,1
6042,#바보들,1
6043,#2인분,1
6044,#우동,1
6045,#휴게소,1
6046,#화성,1
6047,#thankyou,1
6048,#Gracias,1
6049,#obrigado,1
6050,#씬스틸러,1
6051,#렐루서점,1
6052,#porto,1
6053,#barcelona,1
6054,#환상의콤비,1
6055,#베스트커플,1
6056,#내년엔우리둥이들도함께하자,1
6057,#이밤을,1
6058,#찢었다,1
6059,#라탄백,1
6060,#jingjaimarket,1
6061,#weekendmarket,1
6062,#rusticmarket,1
6063,#러스틱마켓,1
6064,#낡은이,1
6065,#하노이여행,1
6066,#후지,1
6067,#오창,1
6068,#aA카페,1
6069,#aa카페제주,1
6070,#포토그래퍼,1
6071,#포토,1
6072,#포토샵,1
6073,#건축,1
6074,#건축가,1
6075,#photograph,1
6076,#eu,1
6077,#선팔후맞팔,1
6078,#f4l,1
6079,#춘삼이네,1
6080,#백운동,1
6081,#요리하는남자,1
6082,#요리하는여자,1
6083,#곤지암스키장,1
6084,#곤지암펜션,1
6085,#더블데이트,1
6086,#선남선녀,1
6087,#동갑내기커플,1
6088,#사랑꾼,1
6089,#도치여친,1
6090,#여친바보,1
6091,#보드게임,1
6092,#꽃게살비빔밥,2
6093,#갑자기,1
6094,#목포맛집,2
6095,#장터식당,1
6096,#꽃게살,1
6097,#웨이팅,1
6098,#대흥동,1
6099,#유성,1
6100,#세종,1
6101,#하복대,1
6102,#율량동,1
6103,#충북대,1
6104,#이디야,1
6105,#옥수수라떼,1
6106,#쌩얼,1
6107,#폐인모드,1
6108,#이태리여행,1
6109,#롯데마트,1
6110,#에르메스,1
6111,#hermes,1
6112,#shopping,1
6113,#제니하우스코스메틱,1
6114,#올래제니,1
6115,#올리브영부산광복점,1
6116,#ad,1
6117,#에르H자수파우치,1
6118,#고민은배송만늦출뿐,1
6119,#바이요미,1
6120,#에르파우치,1
6121,#H파우치,1
6122,#분식맛집,1
6123,#분식,1
6124,#분식스타그램,1
6125,#hubby,1
6126,#샌프란시스코여행,1
6127,#lombardstreet,1
6128,#friends,1
6129,#birthdaypresent,1
6130,#언니와나,1
6131,#여행기,1
6132,#fremontstreet,1
6133,#goldennugget,1
6134,#독천식당,1
6135,#낙지비빔밥,1
6136,#수성못산책,1
6137,#서나마케팅,1
6138,#육아맘그램,1
6139,#진안,1
6140,#진안여행,1
6141,#용담댐,1
6142,#당일치기여행,1
6143,#레드,1
6144,#m,1
6145,#marienplatz,1
6146,#neuschwanstein,1
6147,#hohenschwangau,1
6148,#frankfurt,1
6149,#r,1
6150,#eurotower,1
6151,#k,1
6152,#cathedral,1
6153,#haxe,1
6154,#schnitzel,1
6155,#뮌헨,1
6156,#마리엔광장,1
6157,#퓌센,1
6158,#노이슈반슈타인성,1
6159,#프랑크푸르트,1
6160,#뢰머광장,1
6161,#유로타워,1
6162,#쾰른대성당,1
6163,#학세,1
6164,#인계동,1
6165,#한국민속촌,1
6166,#한복,1
6167,#나미섬,1
6168,#일상복귀,1
6169,#떤딘성당,1
6170,#핑크성당,1
6171,#예쁘쟈나,1
6172,#lengzai,1
6173,#호치민여행,1
6174,#호치민카페,1
6175,#hochiminh,1
6176,#다봉이네푸꾸옥,1
6177,#southamerica,1
6178,#southamericatravel,1
6179,#southamericatrip,1
6180,#wonderfulplaces,1
6181,#에콰도르,1
6182,#ecuador,1
6183,#quito,1
6184,#남미배낭여행,1
6185,#안녕경주야,1
6186,#아이고,1
6187,#드디어왔네,1
6188,#아들램,1
6189,#혼자친구만들어가버림,1
6190,#혼자쇼파에앉아쉬고있음,1
6191,#엄마랑딸이랑,1
6192,#짝꿍,1
6193,#키즈카페,1
6194,#경주가볼만한곳,1
6195,#프로국내여행러,1
6196,#스케쥴뽀개기,1
6197,#오늘은가볍게경주,1
6198,#경주힐튼호텔,1
6199,#미끄럼틀,1
6200,#경사대박,1
6201,#애들한텐,1
6202,#자이로드롭,1
6203,#소원이벤트,1
6204,#에스테틱화장품,1
6205,#모르페우스호텔레스토랑,1
6206,#라페루즈,1
6207,#laperouse,1
6208,#아이스크림트럭,1
6209,#불타는금요일,1
6210,#눈누난나,1
6211,#예쁜척,1
6212,#라라브레드,1
6213,#라라갤러리,1
6214,#아리엘포인트,1
6215,#안해,1
6216,#세부마사지,1
6217,#세부마사지추천,1
6218,#세부마사지샵,1
6219,#세부마사지잘하는샵,1
6220,#더타이마사지,1
6221,#세부더타이스파,1
6222,#세부리조트,1
6223,#세부스파,1
6224,#mactan,1
6225,#인스타팔로우,1
6226,#마사지그램,1
6227,#massage,1
6228,#도전,1
6229,#멋지게,1
6230,#새해복많이받으세요,1
6231,#과거회상,1
6232,#pebblebeach,1
6233,#pebblebeachgolf,1
6234,#페블비치,1
6235,#몬터레이,1
6236,#17milesdrive,1
6237,#17마일,1
6238,#군인,1
6239,#부사관,1
6240,#육군부사관,1
6241,#장거리연애,1
6242,#장거리,1
6243,#스타벅스그램,1
6244,#starbuckskorea,1
6245,#라미볼펜,1
6246,#프리퀀시,1
6247,#파도소리,1
6248,#부산바다,1
6249,#송정,1
6250,#miki,1
6251,#유럽일주,1
6252,#sofiteldarlingharbour,1
6253,#말라카,1
6254,#더워,1
6255,#덥다더워,1
6256,#육아소통그램,1
6257,#생일여행,1
6258,#마누라,1
6259,#동거인,1
6260,#데일리일상,1
6261,#플랜테이션베이,1
6262,#클라이밍,1
6263,#인스타패션,1
6264,#selfcam,1
6265,#캥거루,1
6266,#코알라궁딩이,1
6267,#쿼카,1
6268,#월라비,1
6269,#featherdalewildlifepark,1
6270,#페더데일동물원,1
6271,#놀자,1
6272,#노을,1
6273,#nikontop,1
6274,#물의도시,1
6275,#베네치아여행,1
6276,#사진그램,1
6277,#여행일상,1
6278,#ulzzangboy,1
6279,#koreanstyle,2
6280,#Kulzzang,1
6281,#koreanfashion,1
6282,#koreanboy,1
6283,#대구여행코스,1
6284,#노추천,1
6285,#힐튼호텔,1
6286,#아난티코브,1
6287,#서점,1
6288,#볼거리,1
6289,#구경거리,1
6290,#로제떼2p,1
6291,#심실러,1
6292,#심실링작업,1
6293,#냄새독함,1
6294,#할까말까고민중,1
6295,#귀차니즘발동,1
6296,#조금더멀리보자,1
6297,#힐링우선주위,1
6298,#짬뽕나네,1
6299,#부부백패커,1
6300,#부부트레커,1
6301,#캠퍼,1
6302,#초보사진사,1
6303,#텐풍,1
6304,#신토의캠핑이야기,1
6305,#신토의캠핑스토리,1
6306,#섬과산그리고바다,1
6307,#shinto,1
6308,#아직도,1
6309,#향일암,1
6310,#돌산공원,1
6311,#그만찍고오라고,1
6312,#버럭중,1
6313,#뒷모습만찍는,1
6314,#남친시선,1
6315,#바다색예술,1
6316,#아이폰11,2
6317,#무보정,1
6318,#셀카는사기,1
6319,#겨울스타그램,1
6320,#20살,2
6321,#21살,1
6322,#22살,1
6323,#23살,1
6324,#케이티엑스,1
6325,#진영역,1
6326,#댓,1
6327,#신전떡볶이,1
6328,#소주,1
6329,#세부어학연수,1
6330,#다영민석,1
6331,#1210,1
6332,#로컬맛집,1
6333,#재즈나이트,1
6334,#오빠휴가즐겁게보내고있던거맞지,1
6335,#ysl,3
6336,#도나여행,1
6337,#뉴질랜드남섬,1
6338,#Thewaytoparadise,1
6339,#glenorchy,1
6340,#그레노키,1
6341,#선물스타그램,1
6342,#swarovski,1
6343,#목걸이,1
